<?xml version="1.0"?>
<doc>
    <assembly>
        <name>NewLife.Cube.Tabler</name>
    </assembly>
    <members>
        <member name="T:NewLife.Cube.Tabler.TablerService">
            <summary>Tabler服务</summary>
        </member>
        <member name="M:NewLife.Cube.Tabler.TablerService.UseTabler(Microsoft.AspNetCore.Builder.IApplicationBuilder,Microsoft.AspNetCore.Hosting.IWebHostEnvironment)">
            <summary>使用魔方UI</summary>
            <param name="app"></param>
            <param name="env"></param>
            <returns></returns>
        </member>
    </members>
</doc>
