{"ContentRoots":["C:\\Users\\Administrator\\.nuget\\packages\\bootstrapblazor\\9.1.0\\staticwebassets\\","D:\\Projects\\source\\github\\NewLife.Cube\\NewLife.Cube.Blazor\\wwwroot\\","D:\\Projects\\source\\github\\NewLife.Cube\\NewLife.CubeNC\\obj\\Release\\net9.0\\compressed\\","D:\\Projects\\source\\github\\NewLife.Cube\\NewLife.CubeNC\\wwwroot\\","D:\\Projects\\source\\github\\NewLife.Cube\\NewLife.Cube.Blazor\\obj\\Release\\net9.0\\compressed\\"],"Root":{"Children":{"_content":{"Children":{"BootstrapBlazor":{"Children":{"Components":{"Children":{"Anchor":{"Children":{"Anchor.razor.js":{"Children":null,"Asset":{"ContentRootIndex":0,"SubPath":"Components/Anchor/Anchor.razor.js"},"Patterns":null},"Anchor.razor.js.gz":{"Children":null,"Asset":{"ContentRootIndex":4,"SubPath":"s9elxa3e0a-g5z1athxxe.gz"},"Patterns":null}},"Asset":null,"Patterns":null},"AnchorLink":{"Children":{"AnchorLink.razor.js":{"Children":null,"Asset":{"ContentRootIndex":0,"SubPath":"Components/AnchorLink/AnchorLink.razor.js"},"Patterns":null},"AnchorLink.razor.js.gz":{"Children":null,"Asset":{"ContentRootIndex":4,"SubPath":"yacqbo9bc4-go9nmdn8qf.gz"},"Patterns":null}},"Asset":null,"Patterns":null},"AutoComplete":{"Children":{"AutoComplete.razor.js":{"Children":null,"Asset":{"ContentRootIndex":0,"SubPath":"Components/AutoComplete/AutoComplete.razor.js"},"Patterns":null},"AutoComplete.razor.js.gz":{"Children":null,"Asset":{"ContentRootIndex":4,"SubPath":"gz96ylm0b4-2vzt2ucdgb.gz"},"Patterns":null}},"Asset":null,"Patterns":null},"Button":{"Children":{"Button.razor.js":{"Children":null,"Asset":{"ContentRootIndex":0,"SubPath":"Components/Button/Button.razor.js"},"Patterns":null},"DialButton.razor.js":{"Children":null,"Asset":{"ContentRootIndex":0,"SubPath":"Components/Button/DialButton.razor.js"},"Patterns":null},"PopConfirmButton.razor.js":{"Children":null,"Asset":{"ContentRootIndex":0,"SubPath":"Components/Button/PopConfirmButton.razor.js"},"Patterns":null},"PopConfirmButtonContent.razor.js":{"Children":null,"Asset":{"ContentRootIndex":0,"SubPath":"Components/Button/PopConfirmButtonContent.razor.js"},"Patterns":null},"SlideButton.razor.js":{"Children":null,"Asset":{"ContentRootIndex":0,"SubPath":"Components/Button/SlideButton.razor.js"},"Patterns":null},"Button.razor.js.gz":{"Children":null,"Asset":{"ContentRootIndex":4,"SubPath":"ex3cyehkfx-kscoywe6yo.gz"},"Patterns":null},"DialButton.razor.js.gz":{"Children":null,"Asset":{"ContentRootIndex":4,"SubPath":"bm18ssjtri-r83sj3q96x.gz"},"Patterns":null},"PopConfirmButton.razor.js.gz":{"Children":null,"Asset":{"ContentRootIndex":4,"SubPath":"f8djmawl0x-m9y9qbk0db.gz"},"Patterns":null},"PopConfirmButtonContent.razor.js.gz":{"Children":null,"Asset":{"ContentRootIndex":4,"SubPath":"z0ldxo97ln-mwjfyxgr8z.gz"},"Patterns":null},"SlideButton.razor.js.gz":{"Children":null,"Asset":{"ContentRootIndex":4,"SubPath":"dku26spi6o-qt5xixa86f.gz"},"Patterns":null}},"Asset":null,"Patterns":null},"Camera":{"Children":{"Camera.razor.js":{"Children":null,"Asset":{"ContentRootIndex":0,"SubPath":"Components/Camera/Camera.razor.js"},"Patterns":null},"Camera.razor.js.gz":{"Children":null,"Asset":{"ContentRootIndex":4,"SubPath":"p5s8bmtwfo-9aqs620aau.gz"},"Patterns":null}},"Asset":null,"Patterns":null},"Captcha":{"Children":{"Captcha.razor.js":{"Children":null,"Asset":{"ContentRootIndex":0,"SubPath":"Components/Captcha/Captcha.razor.js"},"Patterns":null},"Captcha.razor.js.gz":{"Children":null,"Asset":{"ContentRootIndex":4,"SubPath":"54h4rnaym5-ddxm98neal.gz"},"Patterns":null}},"Asset":null,"Patterns":null},"Card":{"Children":{"Card.razor.js":{"Children":null,"Asset":{"ContentRootIndex":0,"SubPath":"Components/Card/Card.razor.js"},"Patterns":null},"Card.razor.js.gz":{"Children":null,"Asset":{"ContentRootIndex":4,"SubPath":"v1o7s73e6t-xchh68e7h9.gz"},"Patterns":null}},"Asset":null,"Patterns":null},"Carousel":{"Children":{"Carousel.razor.js":{"Children":null,"Asset":{"ContentRootIndex":0,"SubPath":"Components/Carousel/Carousel.razor.js"},"Patterns":null},"Carousel.razor.js.gz":{"Children":null,"Asset":{"ContentRootIndex":4,"SubPath":"wm3s2kk1kk-5nmavd2gxh.gz"},"Patterns":null}},"Asset":null,"Patterns":null},"Checkbox":{"Children":{"Checkbox.razor.js":{"Children":null,"Asset":{"ContentRootIndex":0,"SubPath":"Components/Checkbox/Checkbox.razor.js"},"Patterns":null},"Checkbox.razor.js.gz":{"Children":null,"Asset":{"ContentRootIndex":4,"SubPath":"h50ce42ice-qjb129u07i.gz"},"Patterns":null}},"Asset":null,"Patterns":null},"ClockPicker":{"Children":{"ClockPicker.razor.js":{"Children":null,"Asset":{"ContentRootIndex":0,"SubPath":"Components/ClockPicker/ClockPicker.razor.js"},"Patterns":null},"ClockPicker.razor.js.gz":{"Children":null,"Asset":{"ContentRootIndex":4,"SubPath":"mum14290f8-7jwrnf8cim.gz"},"Patterns":null}},"Asset":null,"Patterns":null},"ColorPicker":{"Children":{"ColorPicker.razor.js":{"Children":null,"Asset":{"ContentRootIndex":0,"SubPath":"Components/ColorPicker/ColorPicker.razor.js"},"Patterns":null},"ColorPicker.razor.js.gz":{"Children":null,"Asset":{"ContentRootIndex":4,"SubPath":"5nl8658sj4-gy6fyk6aqt.gz"},"Patterns":null}},"Asset":null,"Patterns":null},"Console":{"Children":{"Console.razor.js":{"Children":null,"Asset":{"ContentRootIndex":0,"SubPath":"Components/Console/Console.razor.js"},"Patterns":null},"Console.razor.js.gz":{"Children":null,"Asset":{"ContentRootIndex":4,"SubPath":"tby4jxwpyc-mxhl6hwaul.gz"},"Patterns":null}},"Asset":null,"Patterns":null},"ContextMenu":{"Children":{"ContextMenu.razor.js":{"Children":null,"Asset":{"ContentRootIndex":0,"SubPath":"Components/ContextMenu/ContextMenu.razor.js"},"Patterns":null},"ContextMenu.razor.js.gz":{"Children":null,"Asset":{"ContentRootIndex":4,"SubPath":"aqfzg72b4o-mft8rs7pn4.gz"},"Patterns":null}},"Asset":null,"Patterns":null},"CountUp":{"Children":{"CountUp.razor.js":{"Children":null,"Asset":{"ContentRootIndex":0,"SubPath":"Components/CountUp/CountUp.razor.js"},"Patterns":null},"CountUp.razor.js.gz":{"Children":null,"Asset":{"ContentRootIndex":4,"SubPath":"u5l8x2dqv8-s88drkbt2z.gz"},"Patterns":null}},"Asset":null,"Patterns":null},"DateTimePicker":{"Children":{"DateTimePicker.razor.js":{"Children":null,"Asset":{"ContentRootIndex":0,"SubPath":"Components/DateTimePicker/DateTimePicker.razor.js"},"Patterns":null},"DateTimePicker.razor.js.gz":{"Children":null,"Asset":{"ContentRootIndex":4,"SubPath":"9a8awg4so6-qu6axc2z3f.gz"},"Patterns":null}},"Asset":null,"Patterns":null},"Dialog":{"Children":{"EditDialog.razor.js":{"Children":null,"Asset":{"ContentRootIndex":0,"SubPath":"Components/Dialog/EditDialog.razor.js"},"Patterns":null},"IconDialog.razor.js":{"Children":null,"Asset":{"ContentRootIndex":0,"SubPath":"Components/Dialog/IconDialog.razor.js"},"Patterns":null},"EditDialog.razor.js.gz":{"Children":null,"Asset":{"ContentRootIndex":4,"SubPath":"n06ebcnqhe-j8zdgdtx26.gz"},"Patterns":null},"IconDialog.razor.js.gz":{"Children":null,"Asset":{"ContentRootIndex":4,"SubPath":"bb7pa97zec-yv9p671833.gz"},"Patterns":null}},"Asset":null,"Patterns":null},"Drawer":{"Children":{"Drawer.razor.js":{"Children":null,"Asset":{"ContentRootIndex":0,"SubPath":"Components/Drawer/Drawer.razor.js"},"Patterns":null},"Drawer.razor.js.gz":{"Children":null,"Asset":{"ContentRootIndex":4,"SubPath":"n4hpcuefl7-vo2e5d5y6a.gz"},"Patterns":null}},"Asset":null,"Patterns":null},"Dropdown":{"Children":{"Dropdown.razor.js":{"Children":null,"Asset":{"ContentRootIndex":0,"SubPath":"Components/Dropdown/Dropdown.razor.js"},"Patterns":null},"Dropdown.razor.js.gz":{"Children":null,"Asset":{"ContentRootIndex":4,"SubPath":"wib4trhfic-wmia64cbpk.gz"},"Patterns":null}},"Asset":null,"Patterns":null},"DropdownWidget":{"Children":{"DropdownWidget.razor.js":{"Children":null,"Asset":{"ContentRootIndex":0,"SubPath":"Components/DropdownWidget/DropdownWidget.razor.js"},"Patterns":null},"DropdownWidget.razor.js.gz":{"Children":null,"Asset":{"ContentRootIndex":4,"SubPath":"1cly7xmp54-eykbvvjips.gz"},"Patterns":null}},"Asset":null,"Patterns":null},"Filters":{"Children":{"MultiFilter.razor.js":{"Children":null,"Asset":{"ContentRootIndex":0,"SubPath":"Components/Filters/MultiFilter.razor.js"},"Patterns":null},"TableFilter.razor.js":{"Children":null,"Asset":{"ContentRootIndex":0,"SubPath":"Components/Filters/TableFilter.razor.js"},"Patterns":null},"MultiFilter.razor.js.gz":{"Children":null,"Asset":{"ContentRootIndex":4,"SubPath":"dts7fr30ao-2l78yv18wb.gz"},"Patterns":null},"TableFilter.razor.js.gz":{"Children":null,"Asset":{"ContentRootIndex":4,"SubPath":"y86x21c2jo-e75lzmyv9d.gz"},"Patterns":null}},"Asset":null,"Patterns":null},"FlipClock":{"Children":{"FlipClock.razor.js":{"Children":null,"Asset":{"ContentRootIndex":0,"SubPath":"Components/FlipClock/FlipClock.razor.js"},"Patterns":null},"FlipClock.razor.js.gz":{"Children":null,"Asset":{"ContentRootIndex":4,"SubPath":"7q951vqzj9-nt8zdpwrw4.gz"},"Patterns":null}},"Asset":null,"Patterns":null},"GoTop":{"Children":{"GoTop.razor.js":{"Children":null,"Asset":{"ContentRootIndex":0,"SubPath":"Components/GoTop/GoTop.razor.js"},"Patterns":null},"GoTop.razor.js.gz":{"Children":null,"Asset":{"ContentRootIndex":4,"SubPath":"ejjhh10ak2-ozbt41olcc.gz"},"Patterns":null}},"Asset":null,"Patterns":null},"Handwritten":{"Children":{"Handwritten.razor.js":{"Children":null,"Asset":{"ContentRootIndex":0,"SubPath":"Components/Handwritten/Handwritten.razor.js"},"Patterns":null},"Handwritten.razor.js.gz":{"Children":null,"Asset":{"ContentRootIndex":4,"SubPath":"dnjmmudcn4-8v35lr9wip.gz"},"Patterns":null}},"Asset":null,"Patterns":null},"IFrame":{"Children":{"IFrame.razor.js":{"Children":null,"Asset":{"ContentRootIndex":0,"SubPath":"Components/IFrame/IFrame.razor.js"},"Patterns":null},"IFrame.razor.js.gz":{"Children":null,"Asset":{"ContentRootIndex":4,"SubPath":"52mvyuz46c-4u68j6o417.gz"},"Patterns":null}},"Asset":null,"Patterns":null},"ImagePreviewer":{"Children":{"ImagePreviewer.razor.js":{"Children":null,"Asset":{"ContentRootIndex":0,"SubPath":"Components/ImagePreviewer/ImagePreviewer.razor.js"},"Patterns":null},"ImagePreviewer.razor.js.gz":{"Children":null,"Asset":{"ContentRootIndex":4,"SubPath":"avshlj1ety-y1e39ag10o.gz"},"Patterns":null}},"Asset":null,"Patterns":null},"ImageViewer":{"Children":{"ImageViewer.razor.js":{"Children":null,"Asset":{"ContentRootIndex":0,"SubPath":"Components/ImageViewer/ImageViewer.razor.js"},"Patterns":null},"ImageViewer.razor.js.gz":{"Children":null,"Asset":{"ContentRootIndex":4,"SubPath":"lqagn9pzfi-lkre3woz5h.gz"},"Patterns":null}},"Asset":null,"Patterns":null},"Input":{"Children":{"BootstrapInput.razor.js":{"Children":null,"Asset":{"ContentRootIndex":0,"SubPath":"Components/Input/BootstrapInput.razor.js"},"Patterns":null},"BootstrapInput.razor.js.gz":{"Children":null,"Asset":{"ContentRootIndex":4,"SubPath":"ye0oiy8x6n-yrtzj1g92y.gz"},"Patterns":null}},"Asset":null,"Patterns":null},"IntersectionObserver":{"Children":{"IntersectionObserver.razor.js":{"Children":null,"Asset":{"ContentRootIndex":0,"SubPath":"Components/IntersectionObserver/IntersectionObserver.razor.js"},"Patterns":null},"IntersectionObserver.razor.js.gz":{"Children":null,"Asset":{"ContentRootIndex":4,"SubPath":"bx7icg9bfl-yg7h3owo9q.gz"},"Patterns":null}},"Asset":null,"Patterns":null},"IpAddress":{"Children":{"IpAddress.razor.js":{"Children":null,"Asset":{"ContentRootIndex":0,"SubPath":"Components/IpAddress/IpAddress.razor.js"},"Patterns":null},"IpAddress.razor.js.gz":{"Children":null,"Asset":{"ContentRootIndex":4,"SubPath":"my4qqx1l4f-n8gf1j7vuc.gz"},"Patterns":null}},"Asset":null,"Patterns":null},"Layout":{"Children":{"Layout.razor.js":{"Children":null,"Asset":{"ContentRootIndex":0,"SubPath":"Components/Layout/Layout.razor.js"},"Patterns":null},"Layout.razor.js.gz":{"Children":null,"Asset":{"ContentRootIndex":4,"SubPath":"kmkp51629g-77jjomcxf3.gz"},"Patterns":null}},"Asset":null,"Patterns":null},"Mask":{"Children":{"Mask.razor.js":{"Children":null,"Asset":{"ContentRootIndex":0,"SubPath":"Components/Mask/Mask.razor.js"},"Patterns":null},"Mask.razor.js.gz":{"Children":null,"Asset":{"ContentRootIndex":4,"SubPath":"4mclcvy7bl-ws3w714p39.gz"},"Patterns":null}},"Asset":null,"Patterns":null},"Menu":{"Children":{"Menu.razor.js":{"Children":null,"Asset":{"ContentRootIndex":0,"SubPath":"Components/Menu/Menu.razor.js"},"Patterns":null},"Menu.razor.js.gz":{"Children":null,"Asset":{"ContentRootIndex":4,"SubPath":"6d6hev2wi8-oibk08i5yj.gz"},"Patterns":null}},"Asset":null,"Patterns":null},"Message":{"Children":{"Message.razor.js":{"Children":null,"Asset":{"ContentRootIndex":0,"SubPath":"Components/Message/Message.razor.js"},"Patterns":null},"Message.razor.js.gz":{"Children":null,"Asset":{"ContentRootIndex":4,"SubPath":"yvxzq7fi08-huebfqg9kc.gz"},"Patterns":null}},"Asset":null,"Patterns":null},"Modal":{"Children":{"Modal.razor.js":{"Children":null,"Asset":{"ContentRootIndex":0,"SubPath":"Components/Modal/Modal.razor.js"},"Patterns":null},"ModalDialog.razor.js":{"Children":null,"Asset":{"ContentRootIndex":0,"SubPath":"Components/Modal/ModalDialog.razor.js"},"Patterns":null},"Modal.razor.js.gz":{"Children":null,"Asset":{"ContentRootIndex":4,"SubPath":"amczef6acr-bleiu4l84c.gz"},"Patterns":null},"ModalDialog.razor.js.gz":{"Children":null,"Asset":{"ContentRootIndex":4,"SubPath":"az3iaoit57-k0w4jciozu.gz"},"Patterns":null}},"Asset":null,"Patterns":null},"Popover":{"Children":{"Popover.razor.js":{"Children":null,"Asset":{"ContentRootIndex":0,"SubPath":"Components/Popover/Popover.razor.js"},"Patterns":null},"Popover.razor.js.gz":{"Children":null,"Asset":{"ContentRootIndex":4,"SubPath":"i4amlbv150-aol1e6ppzk.gz"},"Patterns":null}},"Asset":null,"Patterns":null},"Print":{"Children":{"PrintButton.razor.js":{"Children":null,"Asset":{"ContentRootIndex":0,"SubPath":"Components/Print/PrintButton.razor.js"},"Patterns":null},"PrintButton.razor.js.gz":{"Children":null,"Asset":{"ContentRootIndex":4,"SubPath":"a2l3xk81pu-0fkelj5s69.gz"},"Patterns":null}},"Asset":null,"Patterns":null},"Reconnector":{"Children":{"ReconnectorContent.razor.js":{"Children":null,"Asset":{"ContentRootIndex":0,"SubPath":"Components/Reconnector/ReconnectorContent.razor.js"},"Patterns":null},"ReconnectorContent.razor.js.gz":{"Children":null,"Asset":{"ContentRootIndex":4,"SubPath":"fitn8ytqpy-gs2wddoarw.gz"},"Patterns":null}},"Asset":null,"Patterns":null},"RibbonTab":{"Children":{"RibbonTab.razor.js":{"Children":null,"Asset":{"ContentRootIndex":0,"SubPath":"Components/RibbonTab/RibbonTab.razor.js"},"Patterns":null},"RibbonTab.razor.js.gz":{"Children":null,"Asset":{"ContentRootIndex":4,"SubPath":"hl3u83yuxv-1bw5anhfh9.gz"},"Patterns":null}},"Asset":null,"Patterns":null},"Row":{"Children":{"Row.razor.js":{"Children":null,"Asset":{"ContentRootIndex":0,"SubPath":"Components/Row/Row.razor.js"},"Patterns":null},"Row.razor.js.gz":{"Children":null,"Asset":{"ContentRootIndex":4,"SubPath":"1pov3zypwi-7l8guclwiw.gz"},"Patterns":null}},"Asset":null,"Patterns":null},"Segmented":{"Children":{"Segmented.razor.js":{"Children":null,"Asset":{"ContentRootIndex":0,"SubPath":"Components/Segmented/Segmented.razor.js"},"Patterns":null},"Segmented.razor.js.gz":{"Children":null,"Asset":{"ContentRootIndex":4,"SubPath":"hhesihflbq-56onc8k0hf.gz"},"Patterns":null}},"Asset":null,"Patterns":null},"Select":{"Children":{"MultiSelect.razor.js":{"Children":null,"Asset":{"ContentRootIndex":0,"SubPath":"Components/Select/MultiSelect.razor.js"},"Patterns":null},"Select.razor.js":{"Children":null,"Asset":{"ContentRootIndex":0,"SubPath":"Components/Select/Select.razor.js"},"Patterns":null},"SelectObject.razor.js":{"Children":null,"Asset":{"ContentRootIndex":0,"SubPath":"Components/Select/SelectObject.razor.js"},"Patterns":null},"SelectTable.razor.js":{"Children":null,"Asset":{"ContentRootIndex":0,"SubPath":"Components/Select/SelectTable.razor.js"},"Patterns":null},"SelectTree.razor.js":{"Children":null,"Asset":{"ContentRootIndex":0,"SubPath":"Components/Select/SelectTree.razor.js"},"Patterns":null},"MultiSelect.razor.js.gz":{"Children":null,"Asset":{"ContentRootIndex":4,"SubPath":"cg66vhisvu-m1yvuwlstz.gz"},"Patterns":null},"Select.razor.js.gz":{"Children":null,"Asset":{"ContentRootIndex":4,"SubPath":"n0e94v083d-nrbctrsjz1.gz"},"Patterns":null},"SelectObject.razor.js.gz":{"Children":null,"Asset":{"ContentRootIndex":4,"SubPath":"b6k5j59qny-tvjs3y7jt4.gz"},"Patterns":null},"SelectTable.razor.js.gz":{"Children":null,"Asset":{"ContentRootIndex":4,"SubPath":"e3sdy81jn5-z0rfeblsid.gz"},"Patterns":null},"SelectTree.razor.js.gz":{"Children":null,"Asset":{"ContentRootIndex":4,"SubPath":"rwzf0biz71-wzdowutnlh.gz"},"Patterns":null}},"Asset":null,"Patterns":null},"Split":{"Children":{"Split.razor.js":{"Children":null,"Asset":{"ContentRootIndex":0,"SubPath":"Components/Split/Split.razor.js"},"Patterns":null},"Split.razor.js.gz":{"Children":null,"Asset":{"ContentRootIndex":4,"SubPath":"1yma3yzhna-8ihkgl8lbr.gz"},"Patterns":null}},"Asset":null,"Patterns":null},"Tab":{"Children":{"Tab.razor.js":{"Children":null,"Asset":{"ContentRootIndex":0,"SubPath":"Components/Tab/Tab.razor.js"},"Patterns":null},"Tab.razor.js.gz":{"Children":null,"Asset":{"ContentRootIndex":4,"SubPath":"9kwwntrkql-eb9utuyhmm.gz"},"Patterns":null}},"Asset":null,"Patterns":null},"Table":{"Children":{"Table.razor.js":{"Children":null,"Asset":{"ContentRootIndex":0,"SubPath":"Components/Table/Table.razor.js"},"Patterns":null},"Table.razor.js.gz":{"Children":null,"Asset":{"ContentRootIndex":4,"SubPath":"qg57n8ewjq-koqxr98rok.gz"},"Patterns":null}},"Asset":null,"Patterns":null},"Textarea":{"Children":{"Textarea.razor.js":{"Children":null,"Asset":{"ContentRootIndex":0,"SubPath":"Components/Textarea/Textarea.razor.js"},"Patterns":null},"Textarea.razor.js.gz":{"Children":null,"Asset":{"ContentRootIndex":4,"SubPath":"gn871c9kil-mbup21w7bw.gz"},"Patterns":null}},"Asset":null,"Patterns":null},"ThemeProvider":{"Children":{"ThemeProvider.razor.js":{"Children":null,"Asset":{"ContentRootIndex":0,"SubPath":"Components/ThemeProvider/ThemeProvider.razor.js"},"Patterns":null},"ThemeProvider.razor.js.gz":{"Children":null,"Asset":{"ContentRootIndex":4,"SubPath":"41o5vr29c8-9yt2kiv4zx.gz"},"Patterns":null}},"Asset":null,"Patterns":null},"TimePicker":{"Children":{"TimePickerCell.razor.js":{"Children":null,"Asset":{"ContentRootIndex":0,"SubPath":"Components/TimePicker/TimePickerCell.razor.js"},"Patterns":null},"TimePickerCell.razor.js.gz":{"Children":null,"Asset":{"ContentRootIndex":4,"SubPath":"cjv4hhkpq5-8kbvo6xd33.gz"},"Patterns":null}},"Asset":null,"Patterns":null},"Toast":{"Children":{"Toast.razor.js":{"Children":null,"Asset":{"ContentRootIndex":0,"SubPath":"Components/Toast/Toast.razor.js"},"Patterns":null},"Toast.razor.js.gz":{"Children":null,"Asset":{"ContentRootIndex":4,"SubPath":"22erpt35dd-ep0j2euf5c.gz"},"Patterns":null}},"Asset":null,"Patterns":null},"Tooltip":{"Children":{"Tooltip.razor.js":{"Children":null,"Asset":{"ContentRootIndex":0,"SubPath":"Components/Tooltip/Tooltip.razor.js"},"Patterns":null},"Tooltip.razor.js.gz":{"Children":null,"Asset":{"ContentRootIndex":4,"SubPath":"d2oxweheap-ido0fypgwj.gz"},"Patterns":null}},"Asset":null,"Patterns":null},"Transition":{"Children":{"Transition.razor.js":{"Children":null,"Asset":{"ContentRootIndex":0,"SubPath":"Components/Transition/Transition.razor.js"},"Patterns":null},"Transition.razor.js.gz":{"Children":null,"Asset":{"ContentRootIndex":4,"SubPath":"z6i9r8n08a-atekepgzvl.gz"},"Patterns":null}},"Asset":null,"Patterns":null},"TreeView":{"Children":{"TreeView.razor.js":{"Children":null,"Asset":{"ContentRootIndex":0,"SubPath":"Components/TreeView/TreeView.razor.js"},"Patterns":null},"TreeView.razor.js.gz":{"Children":null,"Asset":{"ContentRootIndex":4,"SubPath":"xludkdjfq3-p8tm2qy5k6.gz"},"Patterns":null}},"Asset":null,"Patterns":null},"ValidateForm":{"Children":{"ValidateForm.razor.js":{"Children":null,"Asset":{"ContentRootIndex":0,"SubPath":"Components/ValidateForm/ValidateForm.razor.js"},"Patterns":null},"ValidateForm.razor.js.gz":{"Children":null,"Asset":{"ContentRootIndex":4,"SubPath":"x3ef505bsv-tw3dkqccjo.gz"},"Patterns":null}},"Asset":null,"Patterns":null},"Waterfall":{"Children":{"Waterfall.razor.js":{"Children":null,"Asset":{"ContentRootIndex":0,"SubPath":"Components/Waterfall/Waterfall.razor.js"},"Patterns":null},"Waterfall.razor.js.gz":{"Children":null,"Asset":{"ContentRootIndex":4,"SubPath":"wuvt5py3lr-j6tz4po1um.gz"},"Patterns":null}},"Asset":null,"Patterns":null}},"Asset":null,"Patterns":null},"css":{"Children":{"animate.min.css":{"Children":null,"Asset":{"ContentRootIndex":0,"SubPath":"css/animate.min.css"},"Patterns":null},"bootstrap.blazor.bundle.min.css":{"Children":null,"Asset":{"ContentRootIndex":0,"SubPath":"css/bootstrap.blazor.bundle.min.css"},"Patterns":null},"bootstrap.blazor.bundle.rtl.min.css":{"Children":null,"Asset":{"ContentRootIndex":0,"SubPath":"css/bootstrap.blazor.bundle.rtl.min.css"},"Patterns":null},"bootstrap.min.css":{"Children":null,"Asset":{"ContentRootIndex":0,"SubPath":"css/bootstrap.min.css"},"Patterns":null},"bootstrap.rtl.min.css":{"Children":null,"Asset":{"ContentRootIndex":0,"SubPath":"css/bootstrap.rtl.min.css"},"Patterns":null},"bootstrapblazor.min.css":{"Children":null,"Asset":{"ContentRootIndex":0,"SubPath":"css/bootstrapblazor.min.css"},"Patterns":null},"motronic.min.css":{"Children":null,"Asset":{"ContentRootIndex":0,"SubPath":"css/motronic.min.css"},"Patterns":null},"nano.min.css":{"Children":null,"Asset":{"ContentRootIndex":0,"SubPath":"css/nano.min.css"},"Patterns":null},"rtl.css":{"Children":null,"Asset":{"ContentRootIndex":0,"SubPath":"css/rtl.css"},"Patterns":null},"sweetalert2.css":{"Children":null,"Asset":{"ContentRootIndex":0,"SubPath":"css/sweetalert2.css"},"Patterns":null},"animate.min.css.gz":{"Children":null,"Asset":{"ContentRootIndex":4,"SubPath":"91aym3zi81-n2c91dmnm2.gz"},"Patterns":null},"bootstrap.blazor.bundle.min.css.gz":{"Children":null,"Asset":{"ContentRootIndex":4,"SubPath":"ogji3ixv0c-p31tp2duz8.gz"},"Patterns":null},"bootstrap.blazor.bundle.rtl.min.css.gz":{"Children":null,"Asset":{"ContentRootIndex":4,"SubPath":"vnmpwibhh0-jxjdcrp5fl.gz"},"Patterns":null},"bootstrap.min.css.gz":{"Children":null,"Asset":{"ContentRootIndex":4,"SubPath":"eo6dz7x194-46ein0sx1k.gz"},"Patterns":null},"bootstrap.rtl.min.css.gz":{"Children":null,"Asset":{"ContentRootIndex":4,"SubPath":"t4d75u00tn-pk9g2wxc8p.gz"},"Patterns":null},"bootstrapblazor.min.css.gz":{"Children":null,"Asset":{"ContentRootIndex":4,"SubPath":"2tu0uytqzt-59xhso173a.gz"},"Patterns":null},"motronic.min.css.gz":{"Children":null,"Asset":{"ContentRootIndex":4,"SubPath":"8sikgtxd4t-gyrq3gc9kp.gz"},"Patterns":null},"nano.min.css.gz":{"Children":null,"Asset":{"ContentRootIndex":4,"SubPath":"gsodst1n35-diyq332pj2.gz"},"Patterns":null},"rtl.css.gz":{"Children":null,"Asset":{"ContentRootIndex":4,"SubPath":"ilgpf9yx4a-5rdup8wcot.gz"},"Patterns":null},"sweetalert2.css.gz":{"Children":null,"Asset":{"ContentRootIndex":4,"SubPath":"43z7xsrhj7-fl0rw92jxu.gz"},"Patterns":null}},"Asset":null,"Patterns":null},"js":{"Children":{"bootstrap.blazor.bundle.min.js":{"Children":null,"Asset":{"ContentRootIndex":0,"SubPath":"js/bootstrap.blazor.bundle.min.js"},"Patterns":null},"bootstrap.blazor.bundle.min.js.gz":{"Children":null,"Asset":{"ContentRootIndex":4,"SubPath":"384tdka5d1-493y06b0oq.gz"},"Patterns":null}},"Asset":null,"Patterns":null},"lib":{"Children":{"countUp":{"Children":{"countUp.min.js":{"Children":null,"Asset":{"ContentRootIndex":0,"SubPath":"lib/countUp/countUp.min.js"},"Patterns":null},"countUp.min.js.gz":{"Children":null,"Asset":{"ContentRootIndex":4,"SubPath":"vldzk75mf2-0aztznbnrr.gz"},"Patterns":null}},"Asset":null,"Patterns":null},"floating-ui":{"Children":{"floating-ui.core.esm.js":{"Children":null,"Asset":{"ContentRootIndex":0,"SubPath":"lib/floating-ui/floating-ui.core.esm.js"},"Patterns":null},"floating-ui.dom.esm.js":{"Children":null,"Asset":{"ContentRootIndex":0,"SubPath":"lib/floating-ui/floating-ui.dom.esm.js"},"Patterns":null},"floating-ui.core.esm.js.gz":{"Children":null,"Asset":{"ContentRootIndex":4,"SubPath":"8appkwdz1z-yke84nj5tu.gz"},"Patterns":null},"floating-ui.dom.esm.js.gz":{"Children":null,"Asset":{"ContentRootIndex":4,"SubPath":"xu6fa00f55-v2eztane7t.gz"},"Patterns":null}},"Asset":null,"Patterns":null},"pickr":{"Children":{"pickr.es5.min.js":{"Children":null,"Asset":{"ContentRootIndex":0,"SubPath":"lib/pickr/pickr.es5.min.js"},"Patterns":null},"pickr.es5.min.js.gz":{"Children":null,"Asset":{"ContentRootIndex":4,"SubPath":"cccoxjcvvo-jrmbbzdt2n.gz"},"Patterns":null}},"Asset":null,"Patterns":null}},"Asset":null,"Patterns":null},"modules":{"Children":{"ajax.js":{"Children":null,"Asset":{"ContentRootIndex":0,"SubPath":"modules/ajax.js"},"Patterns":null},"autoredirect.js":{"Children":null,"Asset":{"ContentRootIndex":0,"SubPath":"modules/autoredirect.js"},"Patterns":null},"base-popover.js":{"Children":null,"Asset":{"ContentRootIndex":0,"SubPath":"modules/base-popover.js"},"Patterns":null},"browser.js":{"Children":null,"Asset":{"ContentRootIndex":0,"SubPath":"modules/browser.js"},"Patterns":null},"bt.js":{"Children":null,"Asset":{"ContentRootIndex":0,"SubPath":"modules/bt.js"},"Patterns":null},"client.js":{"Children":null,"Asset":{"ContentRootIndex":0,"SubPath":"modules/client.js"},"Patterns":null},"data.js":{"Children":null,"Asset":{"ContentRootIndex":0,"SubPath":"modules/data.js"},"Patterns":null},"debounce.js":{"Children":null,"Asset":{"ContentRootIndex":0,"SubPath":"modules/debounce.js"},"Patterns":null},"download.js":{"Children":null,"Asset":{"ContentRootIndex":0,"SubPath":"modules/download.js"},"Patterns":null},"drag.js":{"Children":null,"Asset":{"ContentRootIndex":0,"SubPath":"modules/drag.js"},"Patterns":null},"event-handler.js":{"Children":null,"Asset":{"ContentRootIndex":0,"SubPath":"modules/event-handler.js"},"Patterns":null},"eye-dropper.js":{"Children":null,"Asset":{"ContentRootIndex":0,"SubPath":"modules/eye-dropper.js"},"Patterns":null},"floating-ui.js":{"Children":null,"Asset":{"ContentRootIndex":0,"SubPath":"modules/floating-ui.js"},"Patterns":null},"fullscreen.js":{"Children":null,"Asset":{"ContentRootIndex":0,"SubPath":"modules/fullscreen.js"},"Patterns":null},"geo.js":{"Children":null,"Asset":{"ContentRootIndex":0,"SubPath":"modules/geo.js"},"Patterns":null},"hub.js":{"Children":null,"Asset":{"ContentRootIndex":0,"SubPath":"modules/hub.js"},"Patterns":null},"input.js":{"Children":null,"Asset":{"ContentRootIndex":0,"SubPath":"modules/input.js"},"Patterns":null},"noti.js":{"Children":null,"Asset":{"ContentRootIndex":0,"SubPath":"modules/noti.js"},"Patterns":null},"recognition.js":{"Children":null,"Asset":{"ContentRootIndex":0,"SubPath":"modules/recognition.js"},"Patterns":null},"responsive.js":{"Children":null,"Asset":{"ContentRootIndex":0,"SubPath":"modules/responsive.js"},"Patterns":null},"serial.js":{"Children":null,"Asset":{"ContentRootIndex":0,"SubPath":"modules/serial.js"},"Patterns":null},"synthesis.js":{"Children":null,"Asset":{"ContentRootIndex":0,"SubPath":"modules/synthesis.js"},"Patterns":null},"upload.js":{"Children":null,"Asset":{"ContentRootIndex":0,"SubPath":"modules/upload.js"},"Patterns":null},"utility.js":{"Children":null,"Asset":{"ContentRootIndex":0,"SubPath":"modules/utility.js"},"Patterns":null},"validate.js":{"Children":null,"Asset":{"ContentRootIndex":0,"SubPath":"modules/validate.js"},"Patterns":null},"viewer.js":{"Children":null,"Asset":{"ContentRootIndex":0,"SubPath":"modules/viewer.js"},"Patterns":null},"ajax.js.gz":{"Children":null,"Asset":{"ContentRootIndex":4,"SubPath":"z2alf4nsvm-zk4d41ni48.gz"},"Patterns":null},"autoredirect.js.gz":{"Children":null,"Asset":{"ContentRootIndex":4,"SubPath":"ob5aus0uzw-4vw1g7ey23.gz"},"Patterns":null},"base-popover.js.gz":{"Children":null,"Asset":{"ContentRootIndex":4,"SubPath":"fo6uhozhb8-v3imlph2sg.gz"},"Patterns":null},"browser.js.gz":{"Children":null,"Asset":{"ContentRootIndex":4,"SubPath":"9x04h8orb6-n66m07jlvf.gz"},"Patterns":null},"bt.js.gz":{"Children":null,"Asset":{"ContentRootIndex":4,"SubPath":"k8uodep8hq-dxz7161h8e.gz"},"Patterns":null},"client.js.gz":{"Children":null,"Asset":{"ContentRootIndex":4,"SubPath":"ve5jq9bkmm-grx7crx7lp.gz"},"Patterns":null},"data.js.gz":{"Children":null,"Asset":{"ContentRootIndex":4,"SubPath":"tidtf71ig2-1oj60s003v.gz"},"Patterns":null},"debounce.js.gz":{"Children":null,"Asset":{"ContentRootIndex":4,"SubPath":"8uqsnn7gt7-nyp9isjqwo.gz"},"Patterns":null},"download.js.gz":{"Children":null,"Asset":{"ContentRootIndex":4,"SubPath":"6n0wik9qvo-4v6rl72039.gz"},"Patterns":null},"drag.js.gz":{"Children":null,"Asset":{"ContentRootIndex":4,"SubPath":"39zkpa35ff-rjr28qrrsg.gz"},"Patterns":null},"event-handler.js.gz":{"Children":null,"Asset":{"ContentRootIndex":4,"SubPath":"2tikpi440m-jk0bli5rvs.gz"},"Patterns":null},"eye-dropper.js.gz":{"Children":null,"Asset":{"ContentRootIndex":4,"SubPath":"fla5yea926-aaq9jt0se1.gz"},"Patterns":null},"floating-ui.js.gz":{"Children":null,"Asset":{"ContentRootIndex":4,"SubPath":"79e1gxwrnx-ruuh6o00ra.gz"},"Patterns":null},"fullscreen.js.gz":{"Children":null,"Asset":{"ContentRootIndex":4,"SubPath":"cfos90g0yh-zxrlg8rc7a.gz"},"Patterns":null},"geo.js.gz":{"Children":null,"Asset":{"ContentRootIndex":4,"SubPath":"7d93802cgk-tphkadi02x.gz"},"Patterns":null},"hub.js.gz":{"Children":null,"Asset":{"ContentRootIndex":4,"SubPath":"e1enzscgpc-bhuo55d7di.gz"},"Patterns":null},"input.js.gz":{"Children":null,"Asset":{"ContentRootIndex":4,"SubPath":"c3zs386w97-1z035j2k1k.gz"},"Patterns":null},"noti.js.gz":{"Children":null,"Asset":{"ContentRootIndex":4,"SubPath":"3vwodqe8dv-masruzcwg2.gz"},"Patterns":null},"recognition.js.gz":{"Children":null,"Asset":{"ContentRootIndex":4,"SubPath":"z7of0c8x5n-vhn2xvvli8.gz"},"Patterns":null},"responsive.js.gz":{"Children":null,"Asset":{"ContentRootIndex":4,"SubPath":"4ck6p014ml-zjr5q1p95q.gz"},"Patterns":null},"serial.js.gz":{"Children":null,"Asset":{"ContentRootIndex":4,"SubPath":"9a54gan7wg-v8bmqfq8ti.gz"},"Patterns":null},"synthesis.js.gz":{"Children":null,"Asset":{"ContentRootIndex":4,"SubPath":"adp7rpbzvs-ap541ar1uz.gz"},"Patterns":null},"upload.js.gz":{"Children":null,"Asset":{"ContentRootIndex":4,"SubPath":"xuv7lhll0a-4juazmqrx1.gz"},"Patterns":null},"utility.js.gz":{"Children":null,"Asset":{"ContentRootIndex":4,"SubPath":"9r0r98btet-t0ztnlr8yy.gz"},"Patterns":null},"validate.js.gz":{"Children":null,"Asset":{"ContentRootIndex":4,"SubPath":"89ck7ou394-kpd7afrm3x.gz"},"Patterns":null},"viewer.js.gz":{"Children":null,"Asset":{"ContentRootIndex":4,"SubPath":"ozn1lep45v-qld0oq7jqb.gz"},"Patterns":null}},"Asset":null,"Patterns":null}},"Asset":null,"Patterns":null},"NewLife.Cube.Core":{"Children":{"Content":{"Children":{"ace":{"Children":{"css":{"Children":{"ace.min.css.gz":{"Children":null,"Asset":{"ContentRootIndex":2,"SubPath":"03kk6hcxum-dl4rq9vk76.gz"},"Patterns":null},"ace-part2.min.css.gz":{"Children":null,"Asset":{"ContentRootIndex":2,"SubPath":"1bm5ecmdus-iev16z1kzs.gz"},"Patterns":null},"ace-skins.min.css.gz":{"Children":null,"Asset":{"ContentRootIndex":2,"SubPath":"4cu4ocwwjg-xpfz4cxowt.gz"},"Patterns":null},"ace-fonts.min.css.gz":{"Children":null,"Asset":{"ContentRootIndex":2,"SubPath":"4pb6719npk-r4cd6sw664.gz"},"Patterns":null},"ace-ie.min.css.gz":{"Children":null,"Asset":{"ContentRootIndex":2,"SubPath":"kqk5shbbep-50vlqn6at3.gz"},"Patterns":null},"ace.min.css":{"Children":null,"Asset":{"ContentRootIndex":3,"SubPath":"Content/ace/css/ace.min.css"},"Patterns":null},"ace-fonts.min.css":{"Children":null,"Asset":{"ContentRootIndex":3,"SubPath":"Content/ace/css/ace-fonts.min.css"},"Patterns":null},"ace-ie.min.css":{"Children":null,"Asset":{"ContentRootIndex":3,"SubPath":"Content/ace/css/ace-ie.min.css"},"Patterns":null},"ace-part2.min.css":{"Children":null,"Asset":{"ContentRootIndex":3,"SubPath":"Content/ace/css/ace-part2.min.css"},"Patterns":null},"ace-skins.min.css":{"Children":null,"Asset":{"ContentRootIndex":3,"SubPath":"Content/ace/css/ace-skins.min.css"},"Patterns":null},"images":{"Children":{"pattern.jpg":{"Children":null,"Asset":{"ContentRootIndex":3,"SubPath":"Content/ace/css/images/pattern.jpg"},"Patterns":null}},"Asset":null,"Patterns":null}},"Asset":null,"Patterns":null},"js":{"Children":{"ace-extra.min.js.gz":{"Children":null,"Asset":{"ContentRootIndex":2,"SubPath":"2w5wynerlr-dkuwc6sofu.gz"},"Patterns":null},"spin.min.js.gz":{"Children":null,"Asset":{"ContentRootIndex":2,"SubPath":"3tljo4ayds-eab4ecvc8s.gz"},"Patterns":null},"dropzone.min.js.gz":{"Children":null,"Asset":{"ContentRootIndex":2,"SubPath":"6yivopamp4-bynqu4adoi.gz"},"Patterns":null},"excanvas.min.js.gz":{"Children":null,"Asset":{"ContentRootIndex":2,"SubPath":"6yyrj8exyo-nl4x4wxzkz.gz"},"Patterns":null},"chosen.jquery.min.js.gz":{"Children":null,"Asset":{"ContentRootIndex":2,"SubPath":"br0uww2k31-lpd6p3hzw3.gz"},"Patterns":null},"pace.min.js.gz":{"Children":null,"Asset":{"ContentRootIndex":2,"SubPath":"f57z7d8md7-oic94ak45h.gz"},"Patterns":null},"select2.min.js.gz":{"Children":null,"Asset":{"ContentRootIndex":2,"SubPath":"fqdyuyhif8-tuc83fhvr3.gz"},"Patterns":null},"bootbox.min.js.gz":{"Children":null,"Asset":{"ContentRootIndex":2,"SubPath":"g86mqcedxr-ozdgbp888h.gz"},"Patterns":null},"ace.min.js.gz":{"Children":null,"Asset":{"ContentRootIndex":2,"SubPath":"hl24coxlp9-uck42vhqf3.gz"},"Patterns":null},"fullcalendar.min.js.gz":{"Children":null,"Asset":{"ContentRootIndex":2,"SubPath":"jlu8dbane7-tufgv5x9dm.gz"},"Patterns":null},"ace-elements.min.js.gz":{"Children":null,"Asset":{"ContentRootIndex":2,"SubPath":"k0vgwlgk4x-wuzg4ord8w.gz"},"Patterns":null},"prettify.min.js.gz":{"Children":null,"Asset":{"ContentRootIndex":2,"SubPath":"oeq44i3smw-3qy1v90qsv.gz"},"Patterns":null},"additional-methods.min.js.gz":{"Children":null,"Asset":{"ContentRootIndex":2,"SubPath":"u5iy8lsn4m-p2tk8yfab8.gz"},"Patterns":null},"jquery.autosize.min.js.gz":{"Children":null,"Asset":{"ContentRootIndex":2,"SubPath":"v5hjh3em83-nbudvi8hp2.gz"},"Patterns":null},"typeahead.jquery.min.js.gz":{"Children":null,"Asset":{"ContentRootIndex":2,"SubPath":"vtzgr1y5ct-agihf848zf.gz"},"Patterns":null},"ace.min.js":{"Children":null,"Asset":{"ContentRootIndex":3,"SubPath":"Content/ace/js/ace.min.js"},"Patterns":null},"ace-elements.min.js":{"Children":null,"Asset":{"ContentRootIndex":3,"SubPath":"Content/ace/js/ace-elements.min.js"},"Patterns":null},"ace-extra.min.js":{"Children":null,"Asset":{"ContentRootIndex":3,"SubPath":"Content/ace/js/ace-extra.min.js"},"Patterns":null},"additional-methods.min.js":{"Children":null,"Asset":{"ContentRootIndex":3,"SubPath":"Content/ace/js/additional-methods.min.js"},"Patterns":null},"bootbox.min.js":{"Children":null,"Asset":{"ContentRootIndex":3,"SubPath":"Content/ace/js/bootbox.min.js"},"Patterns":null},"chosen.jquery.min.js":{"Children":null,"Asset":{"ContentRootIndex":3,"SubPath":"Content/ace/js/chosen.jquery.min.js"},"Patterns":null},"dropzone.min.js":{"Children":null,"Asset":{"ContentRootIndex":3,"SubPath":"Content/ace/js/dropzone.min.js"},"Patterns":null},"excanvas.min.js":{"Children":null,"Asset":{"ContentRootIndex":3,"SubPath":"Content/ace/js/excanvas.min.js"},"Patterns":null},"fullcalendar.min.js":{"Children":null,"Asset":{"ContentRootIndex":3,"SubPath":"Content/ace/js/fullcalendar.min.js"},"Patterns":null},"jquery.autosize.min.js":{"Children":null,"Asset":{"ContentRootIndex":3,"SubPath":"Content/ace/js/jquery.autosize.min.js"},"Patterns":null},"pace.min.js":{"Children":null,"Asset":{"ContentRootIndex":3,"SubPath":"Content/ace/js/pace.min.js"},"Patterns":null},"prettify.min.js":{"Children":null,"Asset":{"ContentRootIndex":3,"SubPath":"Content/ace/js/prettify.min.js"},"Patterns":null},"select2.min.js":{"Children":null,"Asset":{"ContentRootIndex":3,"SubPath":"Content/ace/js/select2.min.js"},"Patterns":null},"spin.min.js":{"Children":null,"Asset":{"ContentRootIndex":3,"SubPath":"Content/ace/js/spin.min.js"},"Patterns":null},"typeahead.jquery.min.js":{"Children":null,"Asset":{"ContentRootIndex":3,"SubPath":"Content/ace/js/typeahead.jquery.min.js"},"Patterns":null}},"Asset":null,"Patterns":null},"fonts":{"Children":{"OpenSans-300.woff":{"Children":null,"Asset":{"ContentRootIndex":3,"SubPath":"Content/ace/fonts/OpenSans-300.woff"},"Patterns":null},"OpenSans-400.woff":{"Children":null,"Asset":{"ContentRootIndex":3,"SubPath":"Content/ace/fonts/OpenSans-400.woff"},"Patterns":null}},"Asset":null,"Patterns":null}},"Asset":null,"Patterns":null},"layui":{"Children":{"modules":{"Children":{"laypage.js.gz":{"Children":null,"Asset":{"ContentRootIndex":2,"SubPath":"0tokzrkuq7-7ndffu0o93.gz"},"Patterns":null},"tree.js.gz":{"Children":null,"Asset":{"ContentRootIndex":2,"SubPath":"1msqmbzuiq-iqah2voc9z.gz"},"Patterns":null},"form.js.gz":{"Children":null,"Asset":{"ContentRootIndex":2,"SubPath":"1qhl2t1umq-sdn403513o.gz"},"Patterns":null},"colorpicker.js.gz":{"Children":null,"Asset":{"ContentRootIndex":2,"SubPath":"39gxjjft1w-qii8w1lja5.gz"},"Patterns":null},"element.js.gz":{"Children":null,"Asset":{"ContentRootIndex":2,"SubPath":"3ckosjj7su-823y3zzp05.gz"},"Patterns":null},"util.js.gz":{"Children":null,"Asset":{"ContentRootIndex":2,"SubPath":"4w345pulsr-bnzcvsw4a8.gz"},"Patterns":null},"dropdown.js.gz":{"Children":null,"Asset":{"ContentRootIndex":2,"SubPath":"6a7ll43qh5-p2q0ijeqk2.gz"},"Patterns":null},"layui.all.js.gz":{"Children":null,"Asset":{"ContentRootIndex":2,"SubPath":"6ekhkslgl9-97abkaz6qg.gz"},"Patterns":null},"layer.js.gz":{"Children":null,"Asset":{"ContentRootIndex":2,"SubPath":"6nv3w90sds-uae34abw76.gz"},"Patterns":null},"mobile.js.gz":{"Children":null,"Asset":{"ContentRootIndex":2,"SubPath":"8els9bkl8c-d6fyguop7h.gz"},"Patterns":null},"laytpl.js.gz":{"Children":null,"Asset":{"ContentRootIndex":2,"SubPath":"aa654vqfgh-3a22it4ngc.gz"},"Patterns":null},"element_cube.js.gz":{"Children":null,"Asset":{"ContentRootIndex":2,"SubPath":"dacxqbm9k1-v2dss06j12.gz"},"Patterns":null},"laydate.js.gz":{"Children":null,"Asset":{"ContentRootIndex":2,"SubPath":"f9nrjutuy1-j4q9qfaacq.gz"},"Patterns":null},"jquery.js.gz":{"Children":null,"Asset":{"ContentRootIndex":2,"SubPath":"gyk1xirfgh-tsyikxgyd7.gz"},"Patterns":null},"carousel.js.gz":{"Children":null,"Asset":{"ContentRootIndex":2,"SubPath":"lqweckbnhj-itqm6swzq8.gz"},"Patterns":null},"transfer.js.gz":{"Children":null,"Asset":{"ContentRootIndex":2,"SubPath":"m5hj1mv71q-d8yvxqvech.gz"},"Patterns":null},"lay.js.gz":{"Children":null,"Asset":{"ContentRootIndex":2,"SubPath":"oraankpuhr-chhmktga9c.gz"},"Patterns":null},"table.js.gz":{"Children":null,"Asset":{"ContentRootIndex":2,"SubPath":"p6kfbkv2is-nge1e1vqpu.gz"},"Patterns":null},"demo.js.gz":{"Children":null,"Asset":{"ContentRootIndex":2,"SubPath":"qoap97j5aq-w8dg3a85i8.gz"},"Patterns":null},"code.js.gz":{"Children":null,"Asset":{"ContentRootIndex":2,"SubPath":"sy817jye68-5gf93hm6ly.gz"},"Patterns":null},"layedit.js.gz":{"Children":null,"Asset":{"ContentRootIndex":2,"SubPath":"tct8k5vx5v-kmjw8cz64u.gz"},"Patterns":null},"rate.js.gz":{"Children":null,"Asset":{"ContentRootIndex":2,"SubPath":"tv8va16oph-qmb9ar6jtt.gz"},"Patterns":null},"flow.js.gz":{"Children":null,"Asset":{"ContentRootIndex":2,"SubPath":"xh7zdukr61-g4moqs2tfc.gz"},"Patterns":null},"upload.js.gz":{"Children":null,"Asset":{"ContentRootIndex":2,"SubPath":"y7dpw0ut71-mr02tbzy4f.gz"},"Patterns":null},"all.js.gz":{"Children":null,"Asset":{"ContentRootIndex":2,"SubPath":"yai9bgijpa-quk0am3owv.gz"},"Patterns":null},"slider.js.gz":{"Children":null,"Asset":{"ContentRootIndex":2,"SubPath":"zwwmced67k-0jte1hro6t.gz"},"Patterns":null},"all.js":{"Children":null,"Asset":{"ContentRootIndex":3,"SubPath":"Content/layui/modules/all.js"},"Patterns":null},"carousel.js":{"Children":null,"Asset":{"ContentRootIndex":3,"SubPath":"Content/layui/modules/carousel.js"},"Patterns":null},"code.js":{"Children":null,"Asset":{"ContentRootIndex":3,"SubPath":"Content/layui/modules/code.js"},"Patterns":null},"colorpicker.js":{"Children":null,"Asset":{"ContentRootIndex":3,"SubPath":"Content/layui/modules/colorpicker.js"},"Patterns":null},"demo.js":{"Children":null,"Asset":{"ContentRootIndex":3,"SubPath":"Content/layui/modules/demo.js"},"Patterns":null},"dropdown.js":{"Children":null,"Asset":{"ContentRootIndex":3,"SubPath":"Content/layui/modules/dropdown.js"},"Patterns":null},"element.js":{"Children":null,"Asset":{"ContentRootIndex":3,"SubPath":"Content/layui/modules/element.js"},"Patterns":null},"element_cube.js":{"Children":null,"Asset":{"ContentRootIndex":3,"SubPath":"Content/layui/modules/element_cube.js"},"Patterns":null},"flow.js":{"Children":null,"Asset":{"ContentRootIndex":3,"SubPath":"Content/layui/modules/flow.js"},"Patterns":null},"form.js":{"Children":null,"Asset":{"ContentRootIndex":3,"SubPath":"Content/layui/modules/form.js"},"Patterns":null},"jquery.js":{"Children":null,"Asset":{"ContentRootIndex":3,"SubPath":"Content/layui/modules/jquery.js"},"Patterns":null},"lay.js":{"Children":null,"Asset":{"ContentRootIndex":3,"SubPath":"Content/layui/modules/lay.js"},"Patterns":null},"laydate.js":{"Children":null,"Asset":{"ContentRootIndex":3,"SubPath":"Content/layui/modules/laydate.js"},"Patterns":null},"layedit.js":{"Children":null,"Asset":{"ContentRootIndex":3,"SubPath":"Content/layui/modules/layedit.js"},"Patterns":null},"layer.js":{"Children":null,"Asset":{"ContentRootIndex":3,"SubPath":"Content/layui/modules/layer.js"},"Patterns":null},"laypage.js":{"Children":null,"Asset":{"ContentRootIndex":3,"SubPath":"Content/layui/modules/laypage.js"},"Patterns":null},"laytpl.js":{"Children":null,"Asset":{"ContentRootIndex":3,"SubPath":"Content/layui/modules/laytpl.js"},"Patterns":null},"layui.all.js":{"Children":null,"Asset":{"ContentRootIndex":3,"SubPath":"Content/layui/modules/layui.all.js"},"Patterns":null},"mobile.js":{"Children":null,"Asset":{"ContentRootIndex":3,"SubPath":"Content/layui/modules/mobile.js"},"Patterns":null},"rate.js":{"Children":null,"Asset":{"ContentRootIndex":3,"SubPath":"Content/layui/modules/rate.js"},"Patterns":null},"slider.js":{"Children":null,"Asset":{"ContentRootIndex":3,"SubPath":"Content/layui/modules/slider.js"},"Patterns":null},"table.js":{"Children":null,"Asset":{"ContentRootIndex":3,"SubPath":"Content/layui/modules/table.js"},"Patterns":null},"transfer.js":{"Children":null,"Asset":{"ContentRootIndex":3,"SubPath":"Content/layui/modules/transfer.js"},"Patterns":null},"tree.js":{"Children":null,"Asset":{"ContentRootIndex":3,"SubPath":"Content/layui/modules/tree.js"},"Patterns":null},"upload.js":{"Children":null,"Asset":{"ContentRootIndex":3,"SubPath":"Content/layui/modules/upload.js"},"Patterns":null},"util.js":{"Children":null,"Asset":{"ContentRootIndex":3,"SubPath":"Content/layui/modules/util.js"},"Patterns":null}},"Asset":null,"Patterns":null},"css":{"Children":{"layui.css.gz":{"Children":null,"Asset":{"ContentRootIndex":2,"SubPath":"4qix1eesbm-io9mqxluwv.gz"},"Patterns":null},"layui_main_cube.css.gz":{"Children":null,"Asset":{"ContentRootIndex":2,"SubPath":"9eym6226jr-rc4nq2g6zy.gz"},"Patterns":null},"modules":{"Children":{"laydate":{"Children":{"default":{"Children":{"laydate.css.gz":{"Children":null,"Asset":{"ContentRootIndex":2,"SubPath":"aigiojmlcy-daeo0hu5th.gz"},"Patterns":null},"laydate.css":{"Children":null,"Asset":{"ContentRootIndex":3,"SubPath":"Content/layui/css/modules/laydate/default/laydate.css"},"Patterns":null}},"Asset":null,"Patterns":null}},"Asset":null,"Patterns":null},"layer":{"Children":{"default":{"Children":{"layer.css.gz":{"Children":null,"Asset":{"ContentRootIndex":2,"SubPath":"i5ybrdz4b8-sedbcviqun.gz"},"Patterns":null},"icon.png":{"Children":null,"Asset":{"ContentRootIndex":3,"SubPath":"Content/layui/css/modules/layer/default/icon.png"},"Patterns":null},"icon-ext.png":{"Children":null,"Asset":{"ContentRootIndex":3,"SubPath":"Content/layui/css/modules/layer/default/icon-ext.png"},"Patterns":null},"layer.css":{"Children":null,"Asset":{"ContentRootIndex":3,"SubPath":"Content/layui/css/modules/layer/default/layer.css"},"Patterns":null},"loading-0.gif":{"Children":null,"Asset":{"ContentRootIndex":3,"SubPath":"Content/layui/css/modules/layer/default/loading-0.gif"},"Patterns":null},"loading-1.gif":{"Children":null,"Asset":{"ContentRootIndex":3,"SubPath":"Content/layui/css/modules/layer/default/loading-1.gif"},"Patterns":null},"loading-2.gif":{"Children":null,"Asset":{"ContentRootIndex":3,"SubPath":"Content/layui/css/modules/layer/default/loading-2.gif"},"Patterns":null}},"Asset":null,"Patterns":null}},"Asset":null,"Patterns":null},"code.css.gz":{"Children":null,"Asset":{"ContentRootIndex":2,"SubPath":"j8pbodmxvb-v8ct0xuhzr.gz"},"Patterns":null},"code.css":{"Children":null,"Asset":{"ContentRootIndex":3,"SubPath":"Content/layui/css/modules/code.css"},"Patterns":null}},"Asset":null,"Patterns":null},"layui_cube.css.gz":{"Children":null,"Asset":{"ContentRootIndex":2,"SubPath":"lpuruh3etj-s3qft84cna.gz"},"Patterns":null},"layui.css":{"Children":null,"Asset":{"ContentRootIndex":3,"SubPath":"Content/layui/css/layui.css"},"Patterns":null},"layui_cube.css":{"Children":null,"Asset":{"ContentRootIndex":3,"SubPath":"Content/layui/css/layui_cube.css"},"Patterns":null},"layui_main_cube.css":{"Children":null,"Asset":{"ContentRootIndex":3,"SubPath":"Content/layui/css/layui_main_cube.css"},"Patterns":null}},"Asset":null,"Patterns":null},"font":{"Children":{"iconfont.svg.gz":{"Children":null,"Asset":{"ContentRootIndex":2,"SubPath":"7hbsmctb83-ypneod5vey.gz"},"Patterns":null},"iconfont.eot":{"Children":null,"Asset":{"ContentRootIndex":3,"SubPath":"Content/layui/font/iconfont.eot"},"Patterns":null},"iconfont.svg":{"Children":null,"Asset":{"ContentRootIndex":3,"SubPath":"Content/layui/font/iconfont.svg"},"Patterns":null},"iconfont.ttf":{"Children":null,"Asset":{"ContentRootIndex":3,"SubPath":"Content/layui/font/iconfont.ttf"},"Patterns":null},"iconfont.woff":{"Children":null,"Asset":{"ContentRootIndex":3,"SubPath":"Content/layui/font/iconfont.woff"},"Patterns":null},"iconfont.woff2":{"Children":null,"Asset":{"ContentRootIndex":3,"SubPath":"Content/layui/font/iconfont.woff2"},"Patterns":null}},"Asset":null,"Patterns":null},"layui_main_cube.js.gz":{"Children":null,"Asset":{"ContentRootIndex":2,"SubPath":"gz99bmrcrg-ivxmidvxc9.gz"},"Patterns":null},"layui.js.gz":{"Children":null,"Asset":{"ContentRootIndex":2,"SubPath":"j2ra9o4mhy-y1x4wgzp3z.gz"},"Patterns":null},"layui_cube.js.gz":{"Children":null,"Asset":{"ContentRootIndex":2,"SubPath":"wj11c2701q-avjxqqajo7.gz"},"Patterns":null},"layui.js":{"Children":null,"Asset":{"ContentRootIndex":3,"SubPath":"Content/layui/layui.js"},"Patterns":null},"layui_cube.js":{"Children":null,"Asset":{"ContentRootIndex":3,"SubPath":"Content/layui/layui_cube.js"},"Patterns":null},"layui_main_cube.js":{"Children":null,"Asset":{"ContentRootIndex":3,"SubPath":"Content/layui/layui_main_cube.js"},"Patterns":null}},"Asset":null,"Patterns":null},"echarts":{"Children":{"theme":{"Children":{"shine.js.gz":{"Children":null,"Asset":{"ContentRootIndex":2,"SubPath":"20azlobfvl-w2939dgzqo.gz"},"Patterns":null},"chalk.js.gz":{"Children":null,"Asset":{"ContentRootIndex":2,"SubPath":"3jxes65vsg-7trxigh7ok.gz"},"Patterns":null},"wonderland.js.gz":{"Children":null,"Asset":{"ContentRootIndex":2,"SubPath":"6ajtz0d3r7-l7hsjo1sch.gz"},"Patterns":null},"purple-passion.js.gz":{"Children":null,"Asset":{"ContentRootIndex":2,"SubPath":"cxqg9m4iha-giwx3st2xw.gz"},"Patterns":null},"westeros.js.gz":{"Children":null,"Asset":{"ContentRootIndex":2,"SubPath":"fl36ot2i44-cjrgw53qu7.gz"},"Patterns":null},"vintage.js.gz":{"Children":null,"Asset":{"ContentRootIndex":2,"SubPath":"ftkxwzsedk-qsm6mc3kat.gz"},"Patterns":null},"essos.js.gz":{"Children":null,"Asset":{"ContentRootIndex":2,"SubPath":"h06rbk2w23-fs7g70juby.gz"},"Patterns":null},"infographic.js.gz":{"Children":null,"Asset":{"ContentRootIndex":2,"SubPath":"jywpehyvnj-vmekm0ap7j.gz"},"Patterns":null},"macarons.js.gz":{"Children":null,"Asset":{"ContentRootIndex":2,"SubPath":"myszul2i0n-m3ho5dfopv.gz"},"Patterns":null},"walden.js.gz":{"Children":null,"Asset":{"ContentRootIndex":2,"SubPath":"nntl2rpi4g-fiwmyqd513.gz"},"Patterns":null},"roma.js.gz":{"Children":null,"Asset":{"ContentRootIndex":2,"SubPath":"w5hyblours-3zm1gwmpml.gz"},"Patterns":null},"dark.js.gz":{"Children":null,"Asset":{"ContentRootIndex":2,"SubPath":"y2zq5g7i8k-om70yonev2.gz"},"Patterns":null},"chalk.js":{"Children":null,"Asset":{"ContentRootIndex":3,"SubPath":"Content/echarts/theme/chalk.js"},"Patterns":null},"dark.js":{"Children":null,"Asset":{"ContentRootIndex":3,"SubPath":"Content/echarts/theme/dark.js"},"Patterns":null},"essos.js":{"Children":null,"Asset":{"ContentRootIndex":3,"SubPath":"Content/echarts/theme/essos.js"},"Patterns":null},"infographic.js":{"Children":null,"Asset":{"ContentRootIndex":3,"SubPath":"Content/echarts/theme/infographic.js"},"Patterns":null},"macarons.js":{"Children":null,"Asset":{"ContentRootIndex":3,"SubPath":"Content/echarts/theme/macarons.js"},"Patterns":null},"purple-passion.js":{"Children":null,"Asset":{"ContentRootIndex":3,"SubPath":"Content/echarts/theme/purple-passion.js"},"Patterns":null},"roma.js":{"Children":null,"Asset":{"ContentRootIndex":3,"SubPath":"Content/echarts/theme/roma.js"},"Patterns":null},"shine.js":{"Children":null,"Asset":{"ContentRootIndex":3,"SubPath":"Content/echarts/theme/shine.js"},"Patterns":null},"vintage.js":{"Children":null,"Asset":{"ContentRootIndex":3,"SubPath":"Content/echarts/theme/vintage.js"},"Patterns":null},"walden.js":{"Children":null,"Asset":{"ContentRootIndex":3,"SubPath":"Content/echarts/theme/walden.js"},"Patterns":null},"westeros.js":{"Children":null,"Asset":{"ContentRootIndex":3,"SubPath":"Content/echarts/theme/westeros.js"},"Patterns":null},"wonderland.js":{"Children":null,"Asset":{"ContentRootIndex":3,"SubPath":"Content/echarts/theme/wonderland.js"},"Patterns":null}},"Asset":null,"Patterns":null},"bmap.min.js.gz":{"Children":null,"Asset":{"ContentRootIndex":2,"SubPath":"3j5zxhc603-sh0itxz1p9.gz"},"Patterns":null},"dataTool.min.js.gz":{"Children":null,"Asset":{"ContentRootIndex":2,"SubPath":"99qjgpx5uv-vccod4ih5y.gz"},"Patterns":null},"echarts.min.js.gz":{"Children":null,"Asset":{"ContentRootIndex":2,"SubPath":"tocwmmd7j6-81ubiz5p2h.gz"},"Patterns":null},"bmap.min.js":{"Children":null,"Asset":{"ContentRootIndex":3,"SubPath":"Content/echarts/bmap.min.js"},"Patterns":null},"dataTool.min.js":{"Children":null,"Asset":{"ContentRootIndex":3,"SubPath":"Content/echarts/dataTool.min.js"},"Patterns":null},"echarts.min.js":{"Children":null,"Asset":{"ContentRootIndex":3,"SubPath":"Content/echarts/echarts.min.js"},"Patterns":null}},"Asset":null,"Patterns":null},"bootstrap_switch":{"Children":{"bootstrap-switch.min.js.gz":{"Children":null,"Asset":{"ContentRootIndex":2,"SubPath":"39pb64twlg-z7p27ffvjo.gz"},"Patterns":null},"bootstrap-switch.min.css.gz":{"Children":null,"Asset":{"ContentRootIndex":2,"SubPath":"mk0hl7yttw-v6w9v5jlu4.gz"},"Patterns":null},"bootstrap-switch.min.css":{"Children":null,"Asset":{"ContentRootIndex":3,"SubPath":"Content/bootstrap_switch/bootstrap-switch.min.css"},"Patterns":null},"bootstrap-switch.min.js":{"Children":null,"Asset":{"ContentRootIndex":3,"SubPath":"Content/bootstrap_switch/bootstrap-switch.min.js"},"Patterns":null}},"Asset":null,"Patterns":null},"js":{"Children":{"jquery.ui.touch-punch.min.js.gz":{"Children":null,"Asset":{"ContentRootIndex":2,"SubPath":"5opxk5p7ry-b8dha2ngaq.gz"},"Patterns":null},"jquery-2.1.3.min.js.gz":{"Children":null,"Asset":{"ContentRootIndex":2,"SubPath":"7mgaavw5ig-ihy76zj2om.gz"},"Patterns":null},"html5shiv.min.js.gz":{"Children":null,"Asset":{"ContentRootIndex":2,"SubPath":"8pudn0y1kd-ukmm5b7hqg.gz"},"Patterns":null},"respond.min.js.gz":{"Children":null,"Asset":{"ContentRootIndex":2,"SubPath":"f0uupdnumu-hd2fbdv7kc.gz"},"Patterns":null},"md5.js.gz":{"Children":null,"Asset":{"ContentRootIndex":2,"SubPath":"hzqo0qma4q-wwh4wb3kxf.gz"},"Patterns":null},"jquery-3.6.0.min.js.gz":{"Children":null,"Asset":{"ContentRootIndex":2,"SubPath":"migj5lla1d-ehgnz7f14e.gz"},"Patterns":null},"jquery-ui.custom.min.js.gz":{"Children":null,"Asset":{"ContentRootIndex":2,"SubPath":"ubfyqokcr1-u3bz21a2aa.gz"},"Patterns":null},"html5shiv.min.js":{"Children":null,"Asset":{"ContentRootIndex":3,"SubPath":"Content/js/html5shiv.min.js"},"Patterns":null},"jquery.ui.touch-punch.min.js":{"Children":null,"Asset":{"ContentRootIndex":3,"SubPath":"Content/js/jquery.ui.touch-punch.min.js"},"Patterns":null},"jquery-2.1.3.min.js":{"Children":null,"Asset":{"ContentRootIndex":3,"SubPath":"Content/js/jquery-2.1.3.min.js"},"Patterns":null},"jquery-3.6.0.min.js":{"Children":null,"Asset":{"ContentRootIndex":3,"SubPath":"Content/js/jquery-3.6.0.min.js"},"Patterns":null},"jquery-ui.custom.min.js":{"Children":null,"Asset":{"ContentRootIndex":3,"SubPath":"Content/js/jquery-ui.custom.min.js"},"Patterns":null},"md5.js":{"Children":null,"Asset":{"ContentRootIndex":3,"SubPath":"Content/js/md5.js"},"Patterns":null},"respond.min.js":{"Children":null,"Asset":{"ContentRootIndex":3,"SubPath":"Content/js/respond.min.js"},"Patterns":null}},"Asset":null,"Patterns":null},"Cube.css.gz":{"Children":null,"Asset":{"ContentRootIndex":2,"SubPath":"66ay4xb4mn-4zk1s6ukbi.gz"},"Patterns":null},"bootstrap":{"Children":{"css":{"Children":{"bootstrap-responsive.min.css.gz":{"Children":null,"Asset":{"ContentRootIndex":2,"SubPath":"6a7guwumw9-mjf72lv92i.gz"},"Patterns":null},"font-awesome.min.css.gz":{"Children":null,"Asset":{"ContentRootIndex":2,"SubPath":"a9bp54knje-isc7u9n7qi.gz"},"Patterns":null},"bootstrap-theme.min.css.gz":{"Children":null,"Asset":{"ContentRootIndex":2,"SubPath":"j7bsh2x6e1-9ruze9sgfm.gz"},"Patterns":null},"bootstrap.min.css.gz":{"Children":null,"Asset":{"ContentRootIndex":2,"SubPath":"jfdxgcpxbe-ufik3s9dum.gz"},"Patterns":null},"bootstrap-multiselect.css.gz":{"Children":null,"Asset":{"ContentRootIndex":2,"SubPath":"sgwlrl0i1q-a0gcav2jvl.gz"},"Patterns":null},"bootstrap.min.css":{"Children":null,"Asset":{"ContentRootIndex":3,"SubPath":"Content/bootstrap/css/bootstrap.min.css"},"Patterns":null},"bootstrap-multiselect.css":{"Children":null,"Asset":{"ContentRootIndex":3,"SubPath":"Content/bootstrap/css/bootstrap-multiselect.css"},"Patterns":null},"bootstrap-responsive.min.css":{"Children":null,"Asset":{"ContentRootIndex":3,"SubPath":"Content/bootstrap/css/bootstrap-responsive.min.css"},"Patterns":null},"bootstrap-theme.min.css":{"Children":null,"Asset":{"ContentRootIndex":3,"SubPath":"Content/bootstrap/css/bootstrap-theme.min.css"},"Patterns":null},"font-awesome.min.css":{"Children":null,"Asset":{"ContentRootIndex":3,"SubPath":"Content/bootstrap/css/font-awesome.min.css"},"Patterns":null}},"Asset":null,"Patterns":null},"js":{"Children":{"bootstrap-wysiwyg.min.js.gz":{"Children":null,"Asset":{"ContentRootIndex":2,"SubPath":"m7nvqwvqu8-cz4v0dq0h9.gz"},"Patterns":null},"bootstrap-colorpicker.min.js.gz":{"Children":null,"Asset":{"ContentRootIndex":2,"SubPath":"ums3om1ign-1qgplmvs7h.gz"},"Patterns":null},"bootstrap.min.js.gz":{"Children":null,"Asset":{"ContentRootIndex":2,"SubPath":"uwiwbdc9rx-euzfjcw9e7.gz"},"Patterns":null},"bootstrap-tag.min.js.gz":{"Children":null,"Asset":{"ContentRootIndex":2,"SubPath":"v72gkwjw4o-2hw13rrwn3.gz"},"Patterns":null},"bootstrap-multiselect.min.js.gz":{"Children":null,"Asset":{"ContentRootIndex":2,"SubPath":"xweidcjasb-v56aeh9yfs.gz"},"Patterns":null},"bootstrap.min.js":{"Children":null,"Asset":{"ContentRootIndex":3,"SubPath":"Content/bootstrap/js/bootstrap.min.js"},"Patterns":null},"bootstrap-colorpicker.min.js":{"Children":null,"Asset":{"ContentRootIndex":3,"SubPath":"Content/bootstrap/js/bootstrap-colorpicker.min.js"},"Patterns":null},"bootstrap-multiselect.min.js":{"Children":null,"Asset":{"ContentRootIndex":3,"SubPath":"Content/bootstrap/js/bootstrap-multiselect.min.js"},"Patterns":null},"bootstrap-tag.min.js":{"Children":null,"Asset":{"ContentRootIndex":3,"SubPath":"Content/bootstrap/js/bootstrap-tag.min.js"},"Patterns":null},"bootstrap-wysiwyg.min.js":{"Children":null,"Asset":{"ContentRootIndex":3,"SubPath":"Content/bootstrap/js/bootstrap-wysiwyg.min.js"},"Patterns":null}},"Asset":null,"Patterns":null},"fonts":{"Children":{"glyphicons-halflings-regular.svg.gz":{"Children":null,"Asset":{"ContentRootIndex":2,"SubPath":"psbs57mv4z-r3m9qmfdw3.gz"},"Patterns":null},"FontAwesome.otf.gz":{"Children":null,"Asset":{"ContentRootIndex":2,"SubPath":"qxd6374kxb-sgabxu717i.gz"},"Patterns":null},"fontawesome-webfont.svg.gz":{"Children":null,"Asset":{"ContentRootIndex":2,"SubPath":"xtu5vi7y43-wxwxrej6pw.gz"},"Patterns":null},"FontAwesome.otf":{"Children":null,"Asset":{"ContentRootIndex":3,"SubPath":"Content/bootstrap/fonts/FontAwesome.otf"},"Patterns":null},"fontawesome-webfont.eot":{"Children":null,"Asset":{"ContentRootIndex":3,"SubPath":"Content/bootstrap/fonts/fontawesome-webfont.eot"},"Patterns":null},"fontawesome-webfont.svg":{"Children":null,"Asset":{"ContentRootIndex":3,"SubPath":"Content/bootstrap/fonts/fontawesome-webfont.svg"},"Patterns":null},"fontawesome-webfont.ttf":{"Children":null,"Asset":{"ContentRootIndex":3,"SubPath":"Content/bootstrap/fonts/fontawesome-webfont.ttf"},"Patterns":null},"fontawesome-webfont.woff":{"Children":null,"Asset":{"ContentRootIndex":3,"SubPath":"Content/bootstrap/fonts/fontawesome-webfont.woff"},"Patterns":null},"fontawesome-webfont.woff2":{"Children":null,"Asset":{"ContentRootIndex":3,"SubPath":"Content/bootstrap/fonts/fontawesome-webfont.woff2"},"Patterns":null},"glyphicons-halflings-regular.eot":{"Children":null,"Asset":{"ContentRootIndex":3,"SubPath":"Content/bootstrap/fonts/glyphicons-halflings-regular.eot"},"Patterns":null},"glyphicons-halflings-regular.svg":{"Children":null,"Asset":{"ContentRootIndex":3,"SubPath":"Content/bootstrap/fonts/glyphicons-halflings-regular.svg"},"Patterns":null},"glyphicons-halflings-regular.ttf":{"Children":null,"Asset":{"ContentRootIndex":3,"SubPath":"Content/bootstrap/fonts/glyphicons-halflings-regular.ttf"},"Patterns":null},"glyphicons-halflings-regular.woff":{"Children":null,"Asset":{"ContentRootIndex":3,"SubPath":"Content/bootstrap/fonts/glyphicons-halflings-regular.woff"},"Patterns":null},"glyphicons-halflings-regular.woff2":{"Children":null,"Asset":{"ContentRootIndex":3,"SubPath":"Content/bootstrap/fonts/glyphicons-halflings-regular.woff2"},"Patterns":null}},"Asset":null,"Patterns":null}},"Asset":null,"Patterns":null},"artDialog":{"Children":{"css":{"Children":{"ui-dialog.css.gz":{"Children":null,"Asset":{"ContentRootIndex":2,"SubPath":"7fsjsiu8nr-zc6vsb5llv.gz"},"Patterns":null},"ui-dialog.css":{"Children":null,"Asset":{"ContentRootIndex":3,"SubPath":"Content/artDialog/css/ui-dialog.css"},"Patterns":null}},"Asset":null,"Patterns":null},"dist":{"Children":{"dialog.new.life.js.gz":{"Children":null,"Asset":{"ContentRootIndex":2,"SubPath":"gzavc5q2xg-u7c4ir1avr.gz"},"Patterns":null},"dialog-min.js.gz":{"Children":null,"Asset":{"ContentRootIndex":2,"SubPath":"ow13g7l7mb-fqj7xbghdf.gz"},"Patterns":null},"dialog-plus-min.js.gz":{"Children":null,"Asset":{"ContentRootIndex":2,"SubPath":"qsb3tdmrfe-mrqkpd7bgu.gz"},"Patterns":null},"dialog.new.life.js":{"Children":null,"Asset":{"ContentRootIndex":3,"SubPath":"Content/artDialog/dist/dialog.new.life.js"},"Patterns":null},"dialog-min.js":{"Children":null,"Asset":{"ContentRootIndex":3,"SubPath":"Content/artDialog/dist/dialog-min.js"},"Patterns":null},"dialog-plus-min.js":{"Children":null,"Asset":{"ContentRootIndex":3,"SubPath":"Content/artDialog/dist/dialog-plus-min.js"},"Patterns":null}},"Asset":null,"Patterns":null}},"Asset":null,"Patterns":null},"Cube-bootstrap.css.gz":{"Children":null,"Asset":{"ContentRootIndex":2,"SubPath":"a16xq3v7oj-grbmbq67z3.gz"},"Patterns":null},"DateTimePicker":{"Children":{"locales":{"Children":{"bootstrap-datetimepicker.zh_CN.js.gz":{"Children":null,"Asset":{"ContentRootIndex":2,"SubPath":"hy96hgvu9h-n166jlqjer.gz"},"Patterns":null},"bootstrap-datetimepicker.zh_CN.js":{"Children":null,"Asset":{"ContentRootIndex":3,"SubPath":"Content/DateTimePicker/locales/bootstrap-datetimepicker.zh_CN.js"},"Patterns":null}},"Asset":null,"Patterns":null},"bootstrap-datetimepicker.min.css.gz":{"Children":null,"Asset":{"ContentRootIndex":2,"SubPath":"io19h15ml1-bj9t0gx0s0.gz"},"Patterns":null},"bootstrap-datetimepicker.zhCN.js.gz":{"Children":null,"Asset":{"ContentRootIndex":2,"SubPath":"yp6dcuc1uz-n166jlqjer.gz"},"Patterns":null},"bootstrap-datetimepicker.min.js.gz":{"Children":null,"Asset":{"ContentRootIndex":2,"SubPath":"z0f94u9kpp-9whii5bazv.gz"},"Patterns":null},"bootstrap-datetimepicker.min.css":{"Children":null,"Asset":{"ContentRootIndex":3,"SubPath":"Content/DateTimePicker/bootstrap-datetimepicker.min.css"},"Patterns":null},"bootstrap-datetimepicker.min.js":{"Children":null,"Asset":{"ContentRootIndex":3,"SubPath":"Content/DateTimePicker/bootstrap-datetimepicker.min.js"},"Patterns":null},"bootstrap-datetimepicker.zhCN.js":{"Children":null,"Asset":{"ContentRootIndex":3,"SubPath":"Content/DateTimePicker/bootstrap-datetimepicker.zhCN.js"},"Patterns":null}},"Asset":null,"Patterns":null},"bootstrap-suggest.js.gz":{"Children":null,"Asset":{"ContentRootIndex":2,"SubPath":"k28rw2ef8o-xuyd21b9k7.gz"},"Patterns":null},"city_picker":{"Children":{"city-picker.css.gz":{"Children":null,"Asset":{"ContentRootIndex":2,"SubPath":"ktzjeuq8qn-0k6124qjsw.gz"},"Patterns":null},"city-picker.js.gz":{"Children":null,"Asset":{"ContentRootIndex":2,"SubPath":"pbowxevkqf-l1t6765hoi.gz"},"Patterns":null},"city-picker.css":{"Children":null,"Asset":{"ContentRootIndex":3,"SubPath":"Content/city_picker/city-picker.css"},"Patterns":null},"city-picker.js":{"Children":null,"Asset":{"ContentRootIndex":3,"SubPath":"Content/city_picker/city-picker.js"},"Patterns":null},"images":{"Children":{"clear.png":{"Children":null,"Asset":{"ContentRootIndex":3,"SubPath":"Content/city_picker/images/clear.png"},"Patterns":null},"drop-arrow.png":{"Children":null,"Asset":{"ContentRootIndex":3,"SubPath":"Content/city_picker/images/drop-arrow.png"},"Patterns":null}},"Asset":null,"Patterns":null}},"Asset":null,"Patterns":null},"Cube.js.gz":{"Children":null,"Asset":{"ContentRootIndex":2,"SubPath":"xkmwjl2pkf-6ynn09btr1.gz"},"Patterns":null},"bootstrap-suggest.js":{"Children":null,"Asset":{"ContentRootIndex":3,"SubPath":"Content/bootstrap-suggest.js"},"Patterns":null},"Cube.css":{"Children":null,"Asset":{"ContentRootIndex":3,"SubPath":"Content/Cube.css"},"Patterns":null},"Cube.js":{"Children":null,"Asset":{"ContentRootIndex":3,"SubPath":"Content/Cube.js"},"Patterns":null},"Cube-bootstrap.css":{"Children":null,"Asset":{"ContentRootIndex":3,"SubPath":"Content/Cube-bootstrap.css"},"Patterns":null},"images":{"Children":{"logo":{"Children":{"Alipay.png":{"Children":null,"Asset":{"ContentRootIndex":3,"SubPath":"Content/images/logo/Alipay.png"},"Patterns":null},"Baidu.png":{"Children":null,"Asset":{"ContentRootIndex":3,"SubPath":"Content/images/logo/Baidu.png"},"Patterns":null},"Ding.png":{"Children":null,"Asset":{"ContentRootIndex":3,"SubPath":"Content/images/logo/Ding.png"},"Patterns":null},"Github.png":{"Children":null,"Asset":{"ContentRootIndex":3,"SubPath":"Content/images/logo/Github.png"},"Patterns":null},"Microsoft.png":{"Children":null,"Asset":{"ContentRootIndex":3,"SubPath":"Content/images/logo/Microsoft.png"},"Patterns":null},"NewLife.png":{"Children":null,"Asset":{"ContentRootIndex":3,"SubPath":"Content/images/logo/NewLife.png"},"Patterns":null},"QQ.png":{"Children":null,"Asset":{"ContentRootIndex":3,"SubPath":"Content/images/logo/QQ.png"},"Patterns":null},"QyWeiXin.png":{"Children":null,"Asset":{"ContentRootIndex":3,"SubPath":"Content/images/logo/QyWeiXin.png"},"Patterns":null},"Taobao.png":{"Children":null,"Asset":{"ContentRootIndex":3,"SubPath":"Content/images/logo/Taobao.png"},"Patterns":null},"Weibo.png":{"Children":null,"Asset":{"ContentRootIndex":3,"SubPath":"Content/images/logo/Weibo.png"},"Patterns":null},"Weixin.png":{"Children":null,"Asset":{"ContentRootIndex":3,"SubPath":"Content/images/logo/Weixin.png"},"Patterns":null}},"Asset":null,"Patterns":null}},"Asset":null,"Patterns":null}},"Asset":null,"Patterns":null},"favicon.ico.gz":{"Children":null,"Asset":{"ContentRootIndex":2,"SubPath":"7ilkkx265k-3l2q1ozvbm.gz"},"Patterns":null},"favicon.ico":{"Children":null,"Asset":{"ContentRootIndex":3,"SubPath":"favicon.ico"},"Patterns":null}},"Asset":null,"Patterns":[{"ContentRootIndex":3,"Pattern":"**","Depth":2}]}},"Asset":null,"Patterns":null},"Content":{"Children":{"css":{"Children":{"bootstrap.blazor.bundle.min.css":{"Children":null,"Asset":{"ContentRootIndex":1,"SubPath":"Content/css/bootstrap.blazor.bundle.min.css"},"Patterns":null},"font-awesome.min.css":{"Children":null,"Asset":{"ContentRootIndex":1,"SubPath":"Content/css/font-awesome.min.css"},"Patterns":null},"site.css":{"Children":null,"Asset":{"ContentRootIndex":1,"SubPath":"Content/css/site.css"},"Patterns":null},"bootstrap.blazor.bundle.min.css.gz":{"Children":null,"Asset":{"ContentRootIndex":4,"SubPath":"0qiohyzi35-34fzmd16qi.gz"},"Patterns":null},"font-awesome.min.css.gz":{"Children":null,"Asset":{"ContentRootIndex":4,"SubPath":"l8jmri2mcz-isc7u9n7qi.gz"},"Patterns":null},"site.css.gz":{"Children":null,"Asset":{"ContentRootIndex":4,"SubPath":"fvpwurqeid-54h1ihvtcx.gz"},"Patterns":null}},"Asset":null,"Patterns":null},"images":{"Children":{"Argo-C.png":{"Children":null,"Asset":{"ContentRootIndex":1,"SubPath":"Content/images/Argo-C.png"},"Patterns":null},"Argo.png":{"Children":null,"Asset":{"ContentRootIndex":1,"SubPath":"Content/images/Argo.png"},"Patterns":null},"brand.png":{"Children":null,"Asset":{"ContentRootIndex":1,"SubPath":"Content/images/brand.png"},"Patterns":null}},"Asset":null,"Patterns":null},"js":{"Children":{"bootstrap.blazor.bundle.min.js":{"Children":null,"Asset":{"ContentRootIndex":1,"SubPath":"Content/js/bootstrap.blazor.bundle.min.js"},"Patterns":null},"bootstrap.blazor.bundle.min.js.gz":{"Children":null,"Asset":{"ContentRootIndex":4,"SubPath":"nlahxh2aei-97zk4wudnp.gz"},"Patterns":null}},"Asset":null,"Patterns":null}},"Asset":null,"Patterns":null}},"Asset":null,"Patterns":[{"ContentRootIndex":1,"Pattern":"**","Depth":0}]}}