<?xml version="1.0"?>
<doc>
    <assembly>
        <name>NewLife.Cube.Metronic8</name>
    </assembly>
    <members>
        <member name="T:NewLife.Cube.Metronic8.Controllers.LayoutController">
            <summary>
            界面布局控制器，主要用于保存魔方界面状态
            </summary>
            <seealso cref="T:Microsoft.AspNetCore.Mvc.Controller" />
        </member>
        <member name="M:NewLife.Cube.Metronic8.Controllers.LayoutController.SaveLayout(XCode.Membership.Parameter)">
            <summary>
            保存界面状态
            </summary>
            <param name="para">The para.</param>
            <returns></returns>
        </member>
        <member name="T:NewLife.Cube.Metronic8.Metronic8Service">
            <summary>Metronic服务</summary>
        </member>
        <member name="M:NewLife.Cube.Metronic8.Metronic8Service.UseMetronic8(Microsoft.AspNetCore.Builder.IApplicationBuilder,Microsoft.AspNetCore.Hosting.IWebHostEnvironment)">
            <summary>使用魔方UI</summary>
            <param name="app"></param>
            <param name="env"></param>
            <returns></returns>
        </member>
    </members>
</doc>
