{"ContentRoots":["D:\\Projects\\source\\github\\NewLife.Cube\\NewLife.Cube.Tabler\\wwwroot\\","D:\\Projects\\source\\github\\NewLife.Cube\\NewLife.CubeNC\\obj\\Release\\net9.0\\compressed\\","D:\\Projects\\source\\github\\NewLife.Cube\\NewLife.CubeNC\\wwwroot\\","D:\\Projects\\source\\github\\NewLife.Cube\\NewLife.Cube.Tabler\\obj\\Release\\net9.0\\compressed\\"],"Root":{"Children":{"Content":{"Children":{"tabler":{"Children":{"css":{"Children":{"fonts":{"Children":{"tabler-icons.eot":{"Children":null,"Asset":{"ContentRootIndex":0,"SubPath":"Content/tabler/css/fonts/tabler-icons.eot"},"Patterns":null},"tabler-icons.svg":{"Children":null,"Asset":{"ContentRootIndex":0,"SubPath":"Content/tabler/css/fonts/tabler-icons.svg"},"Patterns":null},"tabler-icons.ttf":{"Children":null,"Asset":{"ContentRootIndex":0,"SubPath":"Content/tabler/css/fonts/tabler-icons.ttf"},"Patterns":null},"tabler-icons.woff":{"Children":null,"Asset":{"ContentRootIndex":0,"SubPath":"Content/tabler/css/fonts/tabler-icons.woff"},"Patterns":null},"tabler-icons.woff2":{"Children":null,"Asset":{"ContentRootIndex":0,"SubPath":"Content/tabler/css/fonts/tabler-icons.woff2"},"Patterns":null},"tabler-icons.svg.gz":{"Children":null,"Asset":{"ContentRootIndex":3,"SubPath":"xcksv9egzu-i6k8yo6ndr.gz"},"Patterns":null}},"Asset":null,"Patterns":null},"tabler-flags.min.css":{"Children":null,"Asset":{"ContentRootIndex":0,"SubPath":"Content/tabler/css/tabler-flags.min.css"},"Patterns":null},"tabler-icons.min.css":{"Children":null,"Asset":{"ContentRootIndex":0,"SubPath":"Content/tabler/css/tabler-icons.min.css"},"Patterns":null},"tabler-payments.min.css":{"Children":null,"Asset":{"ContentRootIndex":0,"SubPath":"Content/tabler/css/tabler-payments.min.css"},"Patterns":null},"tabler-vendors.min.css":{"Children":null,"Asset":{"ContentRootIndex":0,"SubPath":"Content/tabler/css/tabler-vendors.min.css"},"Patterns":null},"tabler.min.css":{"Children":null,"Asset":{"ContentRootIndex":0,"SubPath":"Content/tabler/css/tabler.min.css"},"Patterns":null},"tabler-flags.min.css.gz":{"Children":null,"Asset":{"ContentRootIndex":3,"SubPath":"oy6ymadcwv-m1bwjm7a4f.gz"},"Patterns":null},"tabler-icons.min.css.gz":{"Children":null,"Asset":{"ContentRootIndex":3,"SubPath":"d71hp6cu5n-00wy6fwc8p.gz"},"Patterns":null},"tabler-payments.min.css.gz":{"Children":null,"Asset":{"ContentRootIndex":3,"SubPath":"k47hv9xbb8-6vkog26b3c.gz"},"Patterns":null},"tabler-vendors.min.css.gz":{"Children":null,"Asset":{"ContentRootIndex":3,"SubPath":"ejoxphbvw5-y1hdsif4lo.gz"},"Patterns":null},"tabler.min.css.gz":{"Children":null,"Asset":{"ContentRootIndex":3,"SubPath":"2thyei9msv-dt0ybqyhmn.gz"},"Patterns":null}},"Asset":null,"Patterns":null},"img":{"Children":{"logo.svg":{"Children":null,"Asset":{"ContentRootIndex":0,"SubPath":"Content/tabler/img/logo.svg"},"Patterns":null},"logo.svg.gz":{"Children":null,"Asset":{"ContentRootIndex":3,"SubPath":"os9p79cspk-750kb3dnap.gz"},"Patterns":null}},"Asset":null,"Patterns":null},"js":{"Children":{"apexcharts.min.js":{"Children":null,"Asset":{"ContentRootIndex":0,"SubPath":"Content/tabler/js/apexcharts.min.js"},"Patterns":null},"bootstrap.bundle.min.js":{"Children":null,"Asset":{"ContentRootIndex":0,"SubPath":"Content/tabler/js/bootstrap.bundle.min.js"},"Patterns":null},"choices.js":{"Children":null,"Asset":{"ContentRootIndex":0,"SubPath":"Content/tabler/js/choices.js"},"Patterns":null},"countUp.js":{"Children":null,"Asset":{"ContentRootIndex":0,"SubPath":"Content/tabler/js/countUp.js"},"Patterns":null},"litepicker.js":{"Children":null,"Asset":{"ContentRootIndex":0,"SubPath":"Content/tabler/js/litepicker.js"},"Patterns":null},"tabler.min.js":{"Children":null,"Asset":{"ContentRootIndex":0,"SubPath":"Content/tabler/js/tabler.min.js"},"Patterns":null},"apexcharts.min.js.gz":{"Children":null,"Asset":{"ContentRootIndex":3,"SubPath":"jd6zxjprbm-4h5rub0i9t.gz"},"Patterns":null},"bootstrap.bundle.min.js.gz":{"Children":null,"Asset":{"ContentRootIndex":3,"SubPath":"s3omic5n50-w4jq7tj2r9.gz"},"Patterns":null},"choices.js.gz":{"Children":null,"Asset":{"ContentRootIndex":3,"SubPath":"egb876kc3m-t3wtnwbjrx.gz"},"Patterns":null},"countUp.js.gz":{"Children":null,"Asset":{"ContentRootIndex":3,"SubPath":"0sqmixspl1-09hg613uii.gz"},"Patterns":null},"litepicker.js.gz":{"Children":null,"Asset":{"ContentRootIndex":3,"SubPath":"a5b39ds1tm-6ksbwkql2g.gz"},"Patterns":null},"tabler.min.js.gz":{"Children":null,"Asset":{"ContentRootIndex":3,"SubPath":"ox94wf3qyq-q17gbp865d.gz"},"Patterns":null}},"Asset":null,"Patterns":null}},"Asset":null,"Patterns":null}},"Asset":null,"Patterns":null},"_content":{"Children":{"NewLife.Cube.Core":{"Children":{"Content":{"Children":{"ace":{"Children":{"css":{"Children":{"ace.min.css.gz":{"Children":null,"Asset":{"ContentRootIndex":1,"SubPath":"03kk6hcxum-dl4rq9vk76.gz"},"Patterns":null},"ace-part2.min.css.gz":{"Children":null,"Asset":{"ContentRootIndex":1,"SubPath":"1bm5ecmdus-iev16z1kzs.gz"},"Patterns":null},"ace-skins.min.css.gz":{"Children":null,"Asset":{"ContentRootIndex":1,"SubPath":"4cu4ocwwjg-xpfz4cxowt.gz"},"Patterns":null},"ace-fonts.min.css.gz":{"Children":null,"Asset":{"ContentRootIndex":1,"SubPath":"4pb6719npk-r4cd6sw664.gz"},"Patterns":null},"ace-ie.min.css.gz":{"Children":null,"Asset":{"ContentRootIndex":1,"SubPath":"kqk5shbbep-50vlqn6at3.gz"},"Patterns":null},"ace.min.css":{"Children":null,"Asset":{"ContentRootIndex":2,"SubPath":"Content/ace/css/ace.min.css"},"Patterns":null},"ace-fonts.min.css":{"Children":null,"Asset":{"ContentRootIndex":2,"SubPath":"Content/ace/css/ace-fonts.min.css"},"Patterns":null},"ace-ie.min.css":{"Children":null,"Asset":{"ContentRootIndex":2,"SubPath":"Content/ace/css/ace-ie.min.css"},"Patterns":null},"ace-part2.min.css":{"Children":null,"Asset":{"ContentRootIndex":2,"SubPath":"Content/ace/css/ace-part2.min.css"},"Patterns":null},"ace-skins.min.css":{"Children":null,"Asset":{"ContentRootIndex":2,"SubPath":"Content/ace/css/ace-skins.min.css"},"Patterns":null},"images":{"Children":{"pattern.jpg":{"Children":null,"Asset":{"ContentRootIndex":2,"SubPath":"Content/ace/css/images/pattern.jpg"},"Patterns":null}},"Asset":null,"Patterns":null}},"Asset":null,"Patterns":null},"js":{"Children":{"ace-extra.min.js.gz":{"Children":null,"Asset":{"ContentRootIndex":1,"SubPath":"2w5wynerlr-dkuwc6sofu.gz"},"Patterns":null},"spin.min.js.gz":{"Children":null,"Asset":{"ContentRootIndex":1,"SubPath":"3tljo4ayds-eab4ecvc8s.gz"},"Patterns":null},"dropzone.min.js.gz":{"Children":null,"Asset":{"ContentRootIndex":1,"SubPath":"6yivopamp4-bynqu4adoi.gz"},"Patterns":null},"excanvas.min.js.gz":{"Children":null,"Asset":{"ContentRootIndex":1,"SubPath":"6yyrj8exyo-nl4x4wxzkz.gz"},"Patterns":null},"chosen.jquery.min.js.gz":{"Children":null,"Asset":{"ContentRootIndex":1,"SubPath":"br0uww2k31-lpd6p3hzw3.gz"},"Patterns":null},"pace.min.js.gz":{"Children":null,"Asset":{"ContentRootIndex":1,"SubPath":"f57z7d8md7-oic94ak45h.gz"},"Patterns":null},"select2.min.js.gz":{"Children":null,"Asset":{"ContentRootIndex":1,"SubPath":"fqdyuyhif8-tuc83fhvr3.gz"},"Patterns":null},"bootbox.min.js.gz":{"Children":null,"Asset":{"ContentRootIndex":1,"SubPath":"g86mqcedxr-ozdgbp888h.gz"},"Patterns":null},"ace.min.js.gz":{"Children":null,"Asset":{"ContentRootIndex":1,"SubPath":"hl24coxlp9-uck42vhqf3.gz"},"Patterns":null},"fullcalendar.min.js.gz":{"Children":null,"Asset":{"ContentRootIndex":1,"SubPath":"jlu8dbane7-tufgv5x9dm.gz"},"Patterns":null},"ace-elements.min.js.gz":{"Children":null,"Asset":{"ContentRootIndex":1,"SubPath":"k0vgwlgk4x-wuzg4ord8w.gz"},"Patterns":null},"prettify.min.js.gz":{"Children":null,"Asset":{"ContentRootIndex":1,"SubPath":"oeq44i3smw-3qy1v90qsv.gz"},"Patterns":null},"additional-methods.min.js.gz":{"Children":null,"Asset":{"ContentRootIndex":1,"SubPath":"u5iy8lsn4m-p2tk8yfab8.gz"},"Patterns":null},"jquery.autosize.min.js.gz":{"Children":null,"Asset":{"ContentRootIndex":1,"SubPath":"v5hjh3em83-nbudvi8hp2.gz"},"Patterns":null},"typeahead.jquery.min.js.gz":{"Children":null,"Asset":{"ContentRootIndex":1,"SubPath":"vtzgr1y5ct-agihf848zf.gz"},"Patterns":null},"ace.min.js":{"Children":null,"Asset":{"ContentRootIndex":2,"SubPath":"Content/ace/js/ace.min.js"},"Patterns":null},"ace-elements.min.js":{"Children":null,"Asset":{"ContentRootIndex":2,"SubPath":"Content/ace/js/ace-elements.min.js"},"Patterns":null},"ace-extra.min.js":{"Children":null,"Asset":{"ContentRootIndex":2,"SubPath":"Content/ace/js/ace-extra.min.js"},"Patterns":null},"additional-methods.min.js":{"Children":null,"Asset":{"ContentRootIndex":2,"SubPath":"Content/ace/js/additional-methods.min.js"},"Patterns":null},"bootbox.min.js":{"Children":null,"Asset":{"ContentRootIndex":2,"SubPath":"Content/ace/js/bootbox.min.js"},"Patterns":null},"chosen.jquery.min.js":{"Children":null,"Asset":{"ContentRootIndex":2,"SubPath":"Content/ace/js/chosen.jquery.min.js"},"Patterns":null},"dropzone.min.js":{"Children":null,"Asset":{"ContentRootIndex":2,"SubPath":"Content/ace/js/dropzone.min.js"},"Patterns":null},"excanvas.min.js":{"Children":null,"Asset":{"ContentRootIndex":2,"SubPath":"Content/ace/js/excanvas.min.js"},"Patterns":null},"fullcalendar.min.js":{"Children":null,"Asset":{"ContentRootIndex":2,"SubPath":"Content/ace/js/fullcalendar.min.js"},"Patterns":null},"jquery.autosize.min.js":{"Children":null,"Asset":{"ContentRootIndex":2,"SubPath":"Content/ace/js/jquery.autosize.min.js"},"Patterns":null},"pace.min.js":{"Children":null,"Asset":{"ContentRootIndex":2,"SubPath":"Content/ace/js/pace.min.js"},"Patterns":null},"prettify.min.js":{"Children":null,"Asset":{"ContentRootIndex":2,"SubPath":"Content/ace/js/prettify.min.js"},"Patterns":null},"select2.min.js":{"Children":null,"Asset":{"ContentRootIndex":2,"SubPath":"Content/ace/js/select2.min.js"},"Patterns":null},"spin.min.js":{"Children":null,"Asset":{"ContentRootIndex":2,"SubPath":"Content/ace/js/spin.min.js"},"Patterns":null},"typeahead.jquery.min.js":{"Children":null,"Asset":{"ContentRootIndex":2,"SubPath":"Content/ace/js/typeahead.jquery.min.js"},"Patterns":null}},"Asset":null,"Patterns":null},"fonts":{"Children":{"OpenSans-300.woff":{"Children":null,"Asset":{"ContentRootIndex":2,"SubPath":"Content/ace/fonts/OpenSans-300.woff"},"Patterns":null},"OpenSans-400.woff":{"Children":null,"Asset":{"ContentRootIndex":2,"SubPath":"Content/ace/fonts/OpenSans-400.woff"},"Patterns":null}},"Asset":null,"Patterns":null}},"Asset":null,"Patterns":null},"layui":{"Children":{"modules":{"Children":{"laypage.js.gz":{"Children":null,"Asset":{"ContentRootIndex":1,"SubPath":"0tokzrkuq7-7ndffu0o93.gz"},"Patterns":null},"tree.js.gz":{"Children":null,"Asset":{"ContentRootIndex":1,"SubPath":"1msqmbzuiq-iqah2voc9z.gz"},"Patterns":null},"form.js.gz":{"Children":null,"Asset":{"ContentRootIndex":1,"SubPath":"1qhl2t1umq-sdn403513o.gz"},"Patterns":null},"colorpicker.js.gz":{"Children":null,"Asset":{"ContentRootIndex":1,"SubPath":"39gxjjft1w-qii8w1lja5.gz"},"Patterns":null},"element.js.gz":{"Children":null,"Asset":{"ContentRootIndex":1,"SubPath":"3ckosjj7su-823y3zzp05.gz"},"Patterns":null},"util.js.gz":{"Children":null,"Asset":{"ContentRootIndex":1,"SubPath":"4w345pulsr-bnzcvsw4a8.gz"},"Patterns":null},"dropdown.js.gz":{"Children":null,"Asset":{"ContentRootIndex":1,"SubPath":"6a7ll43qh5-p2q0ijeqk2.gz"},"Patterns":null},"layui.all.js.gz":{"Children":null,"Asset":{"ContentRootIndex":1,"SubPath":"6ekhkslgl9-97abkaz6qg.gz"},"Patterns":null},"layer.js.gz":{"Children":null,"Asset":{"ContentRootIndex":1,"SubPath":"6nv3w90sds-uae34abw76.gz"},"Patterns":null},"mobile.js.gz":{"Children":null,"Asset":{"ContentRootIndex":1,"SubPath":"8els9bkl8c-d6fyguop7h.gz"},"Patterns":null},"laytpl.js.gz":{"Children":null,"Asset":{"ContentRootIndex":1,"SubPath":"aa654vqfgh-3a22it4ngc.gz"},"Patterns":null},"element_cube.js.gz":{"Children":null,"Asset":{"ContentRootIndex":1,"SubPath":"dacxqbm9k1-v2dss06j12.gz"},"Patterns":null},"laydate.js.gz":{"Children":null,"Asset":{"ContentRootIndex":1,"SubPath":"f9nrjutuy1-j4q9qfaacq.gz"},"Patterns":null},"jquery.js.gz":{"Children":null,"Asset":{"ContentRootIndex":1,"SubPath":"gyk1xirfgh-tsyikxgyd7.gz"},"Patterns":null},"carousel.js.gz":{"Children":null,"Asset":{"ContentRootIndex":1,"SubPath":"lqweckbnhj-itqm6swzq8.gz"},"Patterns":null},"transfer.js.gz":{"Children":null,"Asset":{"ContentRootIndex":1,"SubPath":"m5hj1mv71q-d8yvxqvech.gz"},"Patterns":null},"lay.js.gz":{"Children":null,"Asset":{"ContentRootIndex":1,"SubPath":"oraankpuhr-chhmktga9c.gz"},"Patterns":null},"table.js.gz":{"Children":null,"Asset":{"ContentRootIndex":1,"SubPath":"p6kfbkv2is-nge1e1vqpu.gz"},"Patterns":null},"demo.js.gz":{"Children":null,"Asset":{"ContentRootIndex":1,"SubPath":"qoap97j5aq-w8dg3a85i8.gz"},"Patterns":null},"code.js.gz":{"Children":null,"Asset":{"ContentRootIndex":1,"SubPath":"sy817jye68-5gf93hm6ly.gz"},"Patterns":null},"layedit.js.gz":{"Children":null,"Asset":{"ContentRootIndex":1,"SubPath":"tct8k5vx5v-kmjw8cz64u.gz"},"Patterns":null},"rate.js.gz":{"Children":null,"Asset":{"ContentRootIndex":1,"SubPath":"tv8va16oph-qmb9ar6jtt.gz"},"Patterns":null},"flow.js.gz":{"Children":null,"Asset":{"ContentRootIndex":1,"SubPath":"xh7zdukr61-g4moqs2tfc.gz"},"Patterns":null},"upload.js.gz":{"Children":null,"Asset":{"ContentRootIndex":1,"SubPath":"y7dpw0ut71-mr02tbzy4f.gz"},"Patterns":null},"all.js.gz":{"Children":null,"Asset":{"ContentRootIndex":1,"SubPath":"yai9bgijpa-quk0am3owv.gz"},"Patterns":null},"slider.js.gz":{"Children":null,"Asset":{"ContentRootIndex":1,"SubPath":"zwwmced67k-0jte1hro6t.gz"},"Patterns":null},"all.js":{"Children":null,"Asset":{"ContentRootIndex":2,"SubPath":"Content/layui/modules/all.js"},"Patterns":null},"carousel.js":{"Children":null,"Asset":{"ContentRootIndex":2,"SubPath":"Content/layui/modules/carousel.js"},"Patterns":null},"code.js":{"Children":null,"Asset":{"ContentRootIndex":2,"SubPath":"Content/layui/modules/code.js"},"Patterns":null},"colorpicker.js":{"Children":null,"Asset":{"ContentRootIndex":2,"SubPath":"Content/layui/modules/colorpicker.js"},"Patterns":null},"demo.js":{"Children":null,"Asset":{"ContentRootIndex":2,"SubPath":"Content/layui/modules/demo.js"},"Patterns":null},"dropdown.js":{"Children":null,"Asset":{"ContentRootIndex":2,"SubPath":"Content/layui/modules/dropdown.js"},"Patterns":null},"element.js":{"Children":null,"Asset":{"ContentRootIndex":2,"SubPath":"Content/layui/modules/element.js"},"Patterns":null},"element_cube.js":{"Children":null,"Asset":{"ContentRootIndex":2,"SubPath":"Content/layui/modules/element_cube.js"},"Patterns":null},"flow.js":{"Children":null,"Asset":{"ContentRootIndex":2,"SubPath":"Content/layui/modules/flow.js"},"Patterns":null},"form.js":{"Children":null,"Asset":{"ContentRootIndex":2,"SubPath":"Content/layui/modules/form.js"},"Patterns":null},"jquery.js":{"Children":null,"Asset":{"ContentRootIndex":2,"SubPath":"Content/layui/modules/jquery.js"},"Patterns":null},"lay.js":{"Children":null,"Asset":{"ContentRootIndex":2,"SubPath":"Content/layui/modules/lay.js"},"Patterns":null},"laydate.js":{"Children":null,"Asset":{"ContentRootIndex":2,"SubPath":"Content/layui/modules/laydate.js"},"Patterns":null},"layedit.js":{"Children":null,"Asset":{"ContentRootIndex":2,"SubPath":"Content/layui/modules/layedit.js"},"Patterns":null},"layer.js":{"Children":null,"Asset":{"ContentRootIndex":2,"SubPath":"Content/layui/modules/layer.js"},"Patterns":null},"laypage.js":{"Children":null,"Asset":{"ContentRootIndex":2,"SubPath":"Content/layui/modules/laypage.js"},"Patterns":null},"laytpl.js":{"Children":null,"Asset":{"ContentRootIndex":2,"SubPath":"Content/layui/modules/laytpl.js"},"Patterns":null},"layui.all.js":{"Children":null,"Asset":{"ContentRootIndex":2,"SubPath":"Content/layui/modules/layui.all.js"},"Patterns":null},"mobile.js":{"Children":null,"Asset":{"ContentRootIndex":2,"SubPath":"Content/layui/modules/mobile.js"},"Patterns":null},"rate.js":{"Children":null,"Asset":{"ContentRootIndex":2,"SubPath":"Content/layui/modules/rate.js"},"Patterns":null},"slider.js":{"Children":null,"Asset":{"ContentRootIndex":2,"SubPath":"Content/layui/modules/slider.js"},"Patterns":null},"table.js":{"Children":null,"Asset":{"ContentRootIndex":2,"SubPath":"Content/layui/modules/table.js"},"Patterns":null},"transfer.js":{"Children":null,"Asset":{"ContentRootIndex":2,"SubPath":"Content/layui/modules/transfer.js"},"Patterns":null},"tree.js":{"Children":null,"Asset":{"ContentRootIndex":2,"SubPath":"Content/layui/modules/tree.js"},"Patterns":null},"upload.js":{"Children":null,"Asset":{"ContentRootIndex":2,"SubPath":"Content/layui/modules/upload.js"},"Patterns":null},"util.js":{"Children":null,"Asset":{"ContentRootIndex":2,"SubPath":"Content/layui/modules/util.js"},"Patterns":null}},"Asset":null,"Patterns":null},"css":{"Children":{"layui.css.gz":{"Children":null,"Asset":{"ContentRootIndex":1,"SubPath":"4qix1eesbm-io9mqxluwv.gz"},"Patterns":null},"layui_main_cube.css.gz":{"Children":null,"Asset":{"ContentRootIndex":1,"SubPath":"9eym6226jr-rc4nq2g6zy.gz"},"Patterns":null},"modules":{"Children":{"laydate":{"Children":{"default":{"Children":{"laydate.css.gz":{"Children":null,"Asset":{"ContentRootIndex":1,"SubPath":"aigiojmlcy-daeo0hu5th.gz"},"Patterns":null},"laydate.css":{"Children":null,"Asset":{"ContentRootIndex":2,"SubPath":"Content/layui/css/modules/laydate/default/laydate.css"},"Patterns":null}},"Asset":null,"Patterns":null}},"Asset":null,"Patterns":null},"layer":{"Children":{"default":{"Children":{"layer.css.gz":{"Children":null,"Asset":{"ContentRootIndex":1,"SubPath":"i5ybrdz4b8-sedbcviqun.gz"},"Patterns":null},"icon.png":{"Children":null,"Asset":{"ContentRootIndex":2,"SubPath":"Content/layui/css/modules/layer/default/icon.png"},"Patterns":null},"icon-ext.png":{"Children":null,"Asset":{"ContentRootIndex":2,"SubPath":"Content/layui/css/modules/layer/default/icon-ext.png"},"Patterns":null},"layer.css":{"Children":null,"Asset":{"ContentRootIndex":2,"SubPath":"Content/layui/css/modules/layer/default/layer.css"},"Patterns":null},"loading-0.gif":{"Children":null,"Asset":{"ContentRootIndex":2,"SubPath":"Content/layui/css/modules/layer/default/loading-0.gif"},"Patterns":null},"loading-1.gif":{"Children":null,"Asset":{"ContentRootIndex":2,"SubPath":"Content/layui/css/modules/layer/default/loading-1.gif"},"Patterns":null},"loading-2.gif":{"Children":null,"Asset":{"ContentRootIndex":2,"SubPath":"Content/layui/css/modules/layer/default/loading-2.gif"},"Patterns":null}},"Asset":null,"Patterns":null}},"Asset":null,"Patterns":null},"code.css.gz":{"Children":null,"Asset":{"ContentRootIndex":1,"SubPath":"j8pbodmxvb-v8ct0xuhzr.gz"},"Patterns":null},"code.css":{"Children":null,"Asset":{"ContentRootIndex":2,"SubPath":"Content/layui/css/modules/code.css"},"Patterns":null}},"Asset":null,"Patterns":null},"layui_cube.css.gz":{"Children":null,"Asset":{"ContentRootIndex":1,"SubPath":"lpuruh3etj-s3qft84cna.gz"},"Patterns":null},"layui.css":{"Children":null,"Asset":{"ContentRootIndex":2,"SubPath":"Content/layui/css/layui.css"},"Patterns":null},"layui_cube.css":{"Children":null,"Asset":{"ContentRootIndex":2,"SubPath":"Content/layui/css/layui_cube.css"},"Patterns":null},"layui_main_cube.css":{"Children":null,"Asset":{"ContentRootIndex":2,"SubPath":"Content/layui/css/layui_main_cube.css"},"Patterns":null}},"Asset":null,"Patterns":null},"font":{"Children":{"iconfont.svg.gz":{"Children":null,"Asset":{"ContentRootIndex":1,"SubPath":"7hbsmctb83-ypneod5vey.gz"},"Patterns":null},"iconfont.eot":{"Children":null,"Asset":{"ContentRootIndex":2,"SubPath":"Content/layui/font/iconfont.eot"},"Patterns":null},"iconfont.svg":{"Children":null,"Asset":{"ContentRootIndex":2,"SubPath":"Content/layui/font/iconfont.svg"},"Patterns":null},"iconfont.ttf":{"Children":null,"Asset":{"ContentRootIndex":2,"SubPath":"Content/layui/font/iconfont.ttf"},"Patterns":null},"iconfont.woff":{"Children":null,"Asset":{"ContentRootIndex":2,"SubPath":"Content/layui/font/iconfont.woff"},"Patterns":null},"iconfont.woff2":{"Children":null,"Asset":{"ContentRootIndex":2,"SubPath":"Content/layui/font/iconfont.woff2"},"Patterns":null}},"Asset":null,"Patterns":null},"layui_main_cube.js.gz":{"Children":null,"Asset":{"ContentRootIndex":1,"SubPath":"gz99bmrcrg-ivxmidvxc9.gz"},"Patterns":null},"layui.js.gz":{"Children":null,"Asset":{"ContentRootIndex":1,"SubPath":"j2ra9o4mhy-y1x4wgzp3z.gz"},"Patterns":null},"layui_cube.js.gz":{"Children":null,"Asset":{"ContentRootIndex":1,"SubPath":"wj11c2701q-avjxqqajo7.gz"},"Patterns":null},"layui.js":{"Children":null,"Asset":{"ContentRootIndex":2,"SubPath":"Content/layui/layui.js"},"Patterns":null},"layui_cube.js":{"Children":null,"Asset":{"ContentRootIndex":2,"SubPath":"Content/layui/layui_cube.js"},"Patterns":null},"layui_main_cube.js":{"Children":null,"Asset":{"ContentRootIndex":2,"SubPath":"Content/layui/layui_main_cube.js"},"Patterns":null}},"Asset":null,"Patterns":null},"echarts":{"Children":{"theme":{"Children":{"shine.js.gz":{"Children":null,"Asset":{"ContentRootIndex":1,"SubPath":"20azlobfvl-w2939dgzqo.gz"},"Patterns":null},"chalk.js.gz":{"Children":null,"Asset":{"ContentRootIndex":1,"SubPath":"3jxes65vsg-7trxigh7ok.gz"},"Patterns":null},"wonderland.js.gz":{"Children":null,"Asset":{"ContentRootIndex":1,"SubPath":"6ajtz0d3r7-l7hsjo1sch.gz"},"Patterns":null},"purple-passion.js.gz":{"Children":null,"Asset":{"ContentRootIndex":1,"SubPath":"cxqg9m4iha-giwx3st2xw.gz"},"Patterns":null},"westeros.js.gz":{"Children":null,"Asset":{"ContentRootIndex":1,"SubPath":"fl36ot2i44-cjrgw53qu7.gz"},"Patterns":null},"vintage.js.gz":{"Children":null,"Asset":{"ContentRootIndex":1,"SubPath":"ftkxwzsedk-qsm6mc3kat.gz"},"Patterns":null},"essos.js.gz":{"Children":null,"Asset":{"ContentRootIndex":1,"SubPath":"h06rbk2w23-fs7g70juby.gz"},"Patterns":null},"infographic.js.gz":{"Children":null,"Asset":{"ContentRootIndex":1,"SubPath":"jywpehyvnj-vmekm0ap7j.gz"},"Patterns":null},"macarons.js.gz":{"Children":null,"Asset":{"ContentRootIndex":1,"SubPath":"myszul2i0n-m3ho5dfopv.gz"},"Patterns":null},"walden.js.gz":{"Children":null,"Asset":{"ContentRootIndex":1,"SubPath":"nntl2rpi4g-fiwmyqd513.gz"},"Patterns":null},"roma.js.gz":{"Children":null,"Asset":{"ContentRootIndex":1,"SubPath":"w5hyblours-3zm1gwmpml.gz"},"Patterns":null},"dark.js.gz":{"Children":null,"Asset":{"ContentRootIndex":1,"SubPath":"y2zq5g7i8k-om70yonev2.gz"},"Patterns":null},"chalk.js":{"Children":null,"Asset":{"ContentRootIndex":2,"SubPath":"Content/echarts/theme/chalk.js"},"Patterns":null},"dark.js":{"Children":null,"Asset":{"ContentRootIndex":2,"SubPath":"Content/echarts/theme/dark.js"},"Patterns":null},"essos.js":{"Children":null,"Asset":{"ContentRootIndex":2,"SubPath":"Content/echarts/theme/essos.js"},"Patterns":null},"infographic.js":{"Children":null,"Asset":{"ContentRootIndex":2,"SubPath":"Content/echarts/theme/infographic.js"},"Patterns":null},"macarons.js":{"Children":null,"Asset":{"ContentRootIndex":2,"SubPath":"Content/echarts/theme/macarons.js"},"Patterns":null},"purple-passion.js":{"Children":null,"Asset":{"ContentRootIndex":2,"SubPath":"Content/echarts/theme/purple-passion.js"},"Patterns":null},"roma.js":{"Children":null,"Asset":{"ContentRootIndex":2,"SubPath":"Content/echarts/theme/roma.js"},"Patterns":null},"shine.js":{"Children":null,"Asset":{"ContentRootIndex":2,"SubPath":"Content/echarts/theme/shine.js"},"Patterns":null},"vintage.js":{"Children":null,"Asset":{"ContentRootIndex":2,"SubPath":"Content/echarts/theme/vintage.js"},"Patterns":null},"walden.js":{"Children":null,"Asset":{"ContentRootIndex":2,"SubPath":"Content/echarts/theme/walden.js"},"Patterns":null},"westeros.js":{"Children":null,"Asset":{"ContentRootIndex":2,"SubPath":"Content/echarts/theme/westeros.js"},"Patterns":null},"wonderland.js":{"Children":null,"Asset":{"ContentRootIndex":2,"SubPath":"Content/echarts/theme/wonderland.js"},"Patterns":null}},"Asset":null,"Patterns":null},"bmap.min.js.gz":{"Children":null,"Asset":{"ContentRootIndex":1,"SubPath":"3j5zxhc603-sh0itxz1p9.gz"},"Patterns":null},"dataTool.min.js.gz":{"Children":null,"Asset":{"ContentRootIndex":1,"SubPath":"99qjgpx5uv-vccod4ih5y.gz"},"Patterns":null},"echarts.min.js.gz":{"Children":null,"Asset":{"ContentRootIndex":1,"SubPath":"tocwmmd7j6-81ubiz5p2h.gz"},"Patterns":null},"bmap.min.js":{"Children":null,"Asset":{"ContentRootIndex":2,"SubPath":"Content/echarts/bmap.min.js"},"Patterns":null},"dataTool.min.js":{"Children":null,"Asset":{"ContentRootIndex":2,"SubPath":"Content/echarts/dataTool.min.js"},"Patterns":null},"echarts.min.js":{"Children":null,"Asset":{"ContentRootIndex":2,"SubPath":"Content/echarts/echarts.min.js"},"Patterns":null}},"Asset":null,"Patterns":null},"bootstrap_switch":{"Children":{"bootstrap-switch.min.js.gz":{"Children":null,"Asset":{"ContentRootIndex":1,"SubPath":"39pb64twlg-z7p27ffvjo.gz"},"Patterns":null},"bootstrap-switch.min.css.gz":{"Children":null,"Asset":{"ContentRootIndex":1,"SubPath":"mk0hl7yttw-v6w9v5jlu4.gz"},"Patterns":null},"bootstrap-switch.min.css":{"Children":null,"Asset":{"ContentRootIndex":2,"SubPath":"Content/bootstrap_switch/bootstrap-switch.min.css"},"Patterns":null},"bootstrap-switch.min.js":{"Children":null,"Asset":{"ContentRootIndex":2,"SubPath":"Content/bootstrap_switch/bootstrap-switch.min.js"},"Patterns":null}},"Asset":null,"Patterns":null},"js":{"Children":{"jquery.ui.touch-punch.min.js.gz":{"Children":null,"Asset":{"ContentRootIndex":1,"SubPath":"5opxk5p7ry-b8dha2ngaq.gz"},"Patterns":null},"jquery-2.1.3.min.js.gz":{"Children":null,"Asset":{"ContentRootIndex":1,"SubPath":"7mgaavw5ig-ihy76zj2om.gz"},"Patterns":null},"html5shiv.min.js.gz":{"Children":null,"Asset":{"ContentRootIndex":1,"SubPath":"8pudn0y1kd-ukmm5b7hqg.gz"},"Patterns":null},"respond.min.js.gz":{"Children":null,"Asset":{"ContentRootIndex":1,"SubPath":"f0uupdnumu-hd2fbdv7kc.gz"},"Patterns":null},"md5.js.gz":{"Children":null,"Asset":{"ContentRootIndex":1,"SubPath":"hzqo0qma4q-wwh4wb3kxf.gz"},"Patterns":null},"jquery-3.6.0.min.js.gz":{"Children":null,"Asset":{"ContentRootIndex":1,"SubPath":"migj5lla1d-ehgnz7f14e.gz"},"Patterns":null},"jquery-ui.custom.min.js.gz":{"Children":null,"Asset":{"ContentRootIndex":1,"SubPath":"ubfyqokcr1-u3bz21a2aa.gz"},"Patterns":null},"html5shiv.min.js":{"Children":null,"Asset":{"ContentRootIndex":2,"SubPath":"Content/js/html5shiv.min.js"},"Patterns":null},"jquery.ui.touch-punch.min.js":{"Children":null,"Asset":{"ContentRootIndex":2,"SubPath":"Content/js/jquery.ui.touch-punch.min.js"},"Patterns":null},"jquery-2.1.3.min.js":{"Children":null,"Asset":{"ContentRootIndex":2,"SubPath":"Content/js/jquery-2.1.3.min.js"},"Patterns":null},"jquery-3.6.0.min.js":{"Children":null,"Asset":{"ContentRootIndex":2,"SubPath":"Content/js/jquery-3.6.0.min.js"},"Patterns":null},"jquery-ui.custom.min.js":{"Children":null,"Asset":{"ContentRootIndex":2,"SubPath":"Content/js/jquery-ui.custom.min.js"},"Patterns":null},"md5.js":{"Children":null,"Asset":{"ContentRootIndex":2,"SubPath":"Content/js/md5.js"},"Patterns":null},"respond.min.js":{"Children":null,"Asset":{"ContentRootIndex":2,"SubPath":"Content/js/respond.min.js"},"Patterns":null}},"Asset":null,"Patterns":null},"Cube.css.gz":{"Children":null,"Asset":{"ContentRootIndex":1,"SubPath":"66ay4xb4mn-4zk1s6ukbi.gz"},"Patterns":null},"bootstrap":{"Children":{"css":{"Children":{"bootstrap-responsive.min.css.gz":{"Children":null,"Asset":{"ContentRootIndex":1,"SubPath":"6a7guwumw9-mjf72lv92i.gz"},"Patterns":null},"font-awesome.min.css.gz":{"Children":null,"Asset":{"ContentRootIndex":1,"SubPath":"a9bp54knje-isc7u9n7qi.gz"},"Patterns":null},"bootstrap-theme.min.css.gz":{"Children":null,"Asset":{"ContentRootIndex":1,"SubPath":"j7bsh2x6e1-9ruze9sgfm.gz"},"Patterns":null},"bootstrap.min.css.gz":{"Children":null,"Asset":{"ContentRootIndex":1,"SubPath":"jfdxgcpxbe-ufik3s9dum.gz"},"Patterns":null},"bootstrap-multiselect.css.gz":{"Children":null,"Asset":{"ContentRootIndex":1,"SubPath":"sgwlrl0i1q-a0gcav2jvl.gz"},"Patterns":null},"bootstrap.min.css":{"Children":null,"Asset":{"ContentRootIndex":2,"SubPath":"Content/bootstrap/css/bootstrap.min.css"},"Patterns":null},"bootstrap-multiselect.css":{"Children":null,"Asset":{"ContentRootIndex":2,"SubPath":"Content/bootstrap/css/bootstrap-multiselect.css"},"Patterns":null},"bootstrap-responsive.min.css":{"Children":null,"Asset":{"ContentRootIndex":2,"SubPath":"Content/bootstrap/css/bootstrap-responsive.min.css"},"Patterns":null},"bootstrap-theme.min.css":{"Children":null,"Asset":{"ContentRootIndex":2,"SubPath":"Content/bootstrap/css/bootstrap-theme.min.css"},"Patterns":null},"font-awesome.min.css":{"Children":null,"Asset":{"ContentRootIndex":2,"SubPath":"Content/bootstrap/css/font-awesome.min.css"},"Patterns":null}},"Asset":null,"Patterns":null},"js":{"Children":{"bootstrap-wysiwyg.min.js.gz":{"Children":null,"Asset":{"ContentRootIndex":1,"SubPath":"m7nvqwvqu8-cz4v0dq0h9.gz"},"Patterns":null},"bootstrap-colorpicker.min.js.gz":{"Children":null,"Asset":{"ContentRootIndex":1,"SubPath":"ums3om1ign-1qgplmvs7h.gz"},"Patterns":null},"bootstrap.min.js.gz":{"Children":null,"Asset":{"ContentRootIndex":1,"SubPath":"uwiwbdc9rx-euzfjcw9e7.gz"},"Patterns":null},"bootstrap-tag.min.js.gz":{"Children":null,"Asset":{"ContentRootIndex":1,"SubPath":"v72gkwjw4o-2hw13rrwn3.gz"},"Patterns":null},"bootstrap-multiselect.min.js.gz":{"Children":null,"Asset":{"ContentRootIndex":1,"SubPath":"xweidcjasb-v56aeh9yfs.gz"},"Patterns":null},"bootstrap.min.js":{"Children":null,"Asset":{"ContentRootIndex":2,"SubPath":"Content/bootstrap/js/bootstrap.min.js"},"Patterns":null},"bootstrap-colorpicker.min.js":{"Children":null,"Asset":{"ContentRootIndex":2,"SubPath":"Content/bootstrap/js/bootstrap-colorpicker.min.js"},"Patterns":null},"bootstrap-multiselect.min.js":{"Children":null,"Asset":{"ContentRootIndex":2,"SubPath":"Content/bootstrap/js/bootstrap-multiselect.min.js"},"Patterns":null},"bootstrap-tag.min.js":{"Children":null,"Asset":{"ContentRootIndex":2,"SubPath":"Content/bootstrap/js/bootstrap-tag.min.js"},"Patterns":null},"bootstrap-wysiwyg.min.js":{"Children":null,"Asset":{"ContentRootIndex":2,"SubPath":"Content/bootstrap/js/bootstrap-wysiwyg.min.js"},"Patterns":null}},"Asset":null,"Patterns":null},"fonts":{"Children":{"glyphicons-halflings-regular.svg.gz":{"Children":null,"Asset":{"ContentRootIndex":1,"SubPath":"psbs57mv4z-r3m9qmfdw3.gz"},"Patterns":null},"FontAwesome.otf.gz":{"Children":null,"Asset":{"ContentRootIndex":1,"SubPath":"qxd6374kxb-sgabxu717i.gz"},"Patterns":null},"fontawesome-webfont.svg.gz":{"Children":null,"Asset":{"ContentRootIndex":1,"SubPath":"xtu5vi7y43-wxwxrej6pw.gz"},"Patterns":null},"FontAwesome.otf":{"Children":null,"Asset":{"ContentRootIndex":2,"SubPath":"Content/bootstrap/fonts/FontAwesome.otf"},"Patterns":null},"fontawesome-webfont.eot":{"Children":null,"Asset":{"ContentRootIndex":2,"SubPath":"Content/bootstrap/fonts/fontawesome-webfont.eot"},"Patterns":null},"fontawesome-webfont.svg":{"Children":null,"Asset":{"ContentRootIndex":2,"SubPath":"Content/bootstrap/fonts/fontawesome-webfont.svg"},"Patterns":null},"fontawesome-webfont.ttf":{"Children":null,"Asset":{"ContentRootIndex":2,"SubPath":"Content/bootstrap/fonts/fontawesome-webfont.ttf"},"Patterns":null},"fontawesome-webfont.woff":{"Children":null,"Asset":{"ContentRootIndex":2,"SubPath":"Content/bootstrap/fonts/fontawesome-webfont.woff"},"Patterns":null},"fontawesome-webfont.woff2":{"Children":null,"Asset":{"ContentRootIndex":2,"SubPath":"Content/bootstrap/fonts/fontawesome-webfont.woff2"},"Patterns":null},"glyphicons-halflings-regular.eot":{"Children":null,"Asset":{"ContentRootIndex":2,"SubPath":"Content/bootstrap/fonts/glyphicons-halflings-regular.eot"},"Patterns":null},"glyphicons-halflings-regular.svg":{"Children":null,"Asset":{"ContentRootIndex":2,"SubPath":"Content/bootstrap/fonts/glyphicons-halflings-regular.svg"},"Patterns":null},"glyphicons-halflings-regular.ttf":{"Children":null,"Asset":{"ContentRootIndex":2,"SubPath":"Content/bootstrap/fonts/glyphicons-halflings-regular.ttf"},"Patterns":null},"glyphicons-halflings-regular.woff":{"Children":null,"Asset":{"ContentRootIndex":2,"SubPath":"Content/bootstrap/fonts/glyphicons-halflings-regular.woff"},"Patterns":null},"glyphicons-halflings-regular.woff2":{"Children":null,"Asset":{"ContentRootIndex":2,"SubPath":"Content/bootstrap/fonts/glyphicons-halflings-regular.woff2"},"Patterns":null}},"Asset":null,"Patterns":null}},"Asset":null,"Patterns":null},"artDialog":{"Children":{"css":{"Children":{"ui-dialog.css.gz":{"Children":null,"Asset":{"ContentRootIndex":1,"SubPath":"7fsjsiu8nr-zc6vsb5llv.gz"},"Patterns":null},"ui-dialog.css":{"Children":null,"Asset":{"ContentRootIndex":2,"SubPath":"Content/artDialog/css/ui-dialog.css"},"Patterns":null}},"Asset":null,"Patterns":null},"dist":{"Children":{"dialog.new.life.js.gz":{"Children":null,"Asset":{"ContentRootIndex":1,"SubPath":"gzavc5q2xg-u7c4ir1avr.gz"},"Patterns":null},"dialog-min.js.gz":{"Children":null,"Asset":{"ContentRootIndex":1,"SubPath":"ow13g7l7mb-fqj7xbghdf.gz"},"Patterns":null},"dialog-plus-min.js.gz":{"Children":null,"Asset":{"ContentRootIndex":1,"SubPath":"qsb3tdmrfe-mrqkpd7bgu.gz"},"Patterns":null},"dialog.new.life.js":{"Children":null,"Asset":{"ContentRootIndex":2,"SubPath":"Content/artDialog/dist/dialog.new.life.js"},"Patterns":null},"dialog-min.js":{"Children":null,"Asset":{"ContentRootIndex":2,"SubPath":"Content/artDialog/dist/dialog-min.js"},"Patterns":null},"dialog-plus-min.js":{"Children":null,"Asset":{"ContentRootIndex":2,"SubPath":"Content/artDialog/dist/dialog-plus-min.js"},"Patterns":null}},"Asset":null,"Patterns":null}},"Asset":null,"Patterns":null},"Cube-bootstrap.css.gz":{"Children":null,"Asset":{"ContentRootIndex":1,"SubPath":"a16xq3v7oj-grbmbq67z3.gz"},"Patterns":null},"DateTimePicker":{"Children":{"locales":{"Children":{"bootstrap-datetimepicker.zh_CN.js.gz":{"Children":null,"Asset":{"ContentRootIndex":1,"SubPath":"hy96hgvu9h-n166jlqjer.gz"},"Patterns":null},"bootstrap-datetimepicker.zh_CN.js":{"Children":null,"Asset":{"ContentRootIndex":2,"SubPath":"Content/DateTimePicker/locales/bootstrap-datetimepicker.zh_CN.js"},"Patterns":null}},"Asset":null,"Patterns":null},"bootstrap-datetimepicker.min.css.gz":{"Children":null,"Asset":{"ContentRootIndex":1,"SubPath":"io19h15ml1-bj9t0gx0s0.gz"},"Patterns":null},"bootstrap-datetimepicker.zhCN.js.gz":{"Children":null,"Asset":{"ContentRootIndex":1,"SubPath":"yp6dcuc1uz-n166jlqjer.gz"},"Patterns":null},"bootstrap-datetimepicker.min.js.gz":{"Children":null,"Asset":{"ContentRootIndex":1,"SubPath":"z0f94u9kpp-9whii5bazv.gz"},"Patterns":null},"bootstrap-datetimepicker.min.css":{"Children":null,"Asset":{"ContentRootIndex":2,"SubPath":"Content/DateTimePicker/bootstrap-datetimepicker.min.css"},"Patterns":null},"bootstrap-datetimepicker.min.js":{"Children":null,"Asset":{"ContentRootIndex":2,"SubPath":"Content/DateTimePicker/bootstrap-datetimepicker.min.js"},"Patterns":null},"bootstrap-datetimepicker.zhCN.js":{"Children":null,"Asset":{"ContentRootIndex":2,"SubPath":"Content/DateTimePicker/bootstrap-datetimepicker.zhCN.js"},"Patterns":null}},"Asset":null,"Patterns":null},"bootstrap-suggest.js.gz":{"Children":null,"Asset":{"ContentRootIndex":1,"SubPath":"k28rw2ef8o-xuyd21b9k7.gz"},"Patterns":null},"city_picker":{"Children":{"city-picker.css.gz":{"Children":null,"Asset":{"ContentRootIndex":1,"SubPath":"ktzjeuq8qn-0k6124qjsw.gz"},"Patterns":null},"city-picker.js.gz":{"Children":null,"Asset":{"ContentRootIndex":1,"SubPath":"pbowxevkqf-l1t6765hoi.gz"},"Patterns":null},"city-picker.css":{"Children":null,"Asset":{"ContentRootIndex":2,"SubPath":"Content/city_picker/city-picker.css"},"Patterns":null},"city-picker.js":{"Children":null,"Asset":{"ContentRootIndex":2,"SubPath":"Content/city_picker/city-picker.js"},"Patterns":null},"images":{"Children":{"clear.png":{"Children":null,"Asset":{"ContentRootIndex":2,"SubPath":"Content/city_picker/images/clear.png"},"Patterns":null},"drop-arrow.png":{"Children":null,"Asset":{"ContentRootIndex":2,"SubPath":"Content/city_picker/images/drop-arrow.png"},"Patterns":null}},"Asset":null,"Patterns":null}},"Asset":null,"Patterns":null},"Cube.js.gz":{"Children":null,"Asset":{"ContentRootIndex":1,"SubPath":"xkmwjl2pkf-6ynn09btr1.gz"},"Patterns":null},"bootstrap-suggest.js":{"Children":null,"Asset":{"ContentRootIndex":2,"SubPath":"Content/bootstrap-suggest.js"},"Patterns":null},"Cube.css":{"Children":null,"Asset":{"ContentRootIndex":2,"SubPath":"Content/Cube.css"},"Patterns":null},"Cube.js":{"Children":null,"Asset":{"ContentRootIndex":2,"SubPath":"Content/Cube.js"},"Patterns":null},"Cube-bootstrap.css":{"Children":null,"Asset":{"ContentRootIndex":2,"SubPath":"Content/Cube-bootstrap.css"},"Patterns":null},"images":{"Children":{"logo":{"Children":{"Alipay.png":{"Children":null,"Asset":{"ContentRootIndex":2,"SubPath":"Content/images/logo/Alipay.png"},"Patterns":null},"Baidu.png":{"Children":null,"Asset":{"ContentRootIndex":2,"SubPath":"Content/images/logo/Baidu.png"},"Patterns":null},"Ding.png":{"Children":null,"Asset":{"ContentRootIndex":2,"SubPath":"Content/images/logo/Ding.png"},"Patterns":null},"Github.png":{"Children":null,"Asset":{"ContentRootIndex":2,"SubPath":"Content/images/logo/Github.png"},"Patterns":null},"Microsoft.png":{"Children":null,"Asset":{"ContentRootIndex":2,"SubPath":"Content/images/logo/Microsoft.png"},"Patterns":null},"NewLife.png":{"Children":null,"Asset":{"ContentRootIndex":2,"SubPath":"Content/images/logo/NewLife.png"},"Patterns":null},"QQ.png":{"Children":null,"Asset":{"ContentRootIndex":2,"SubPath":"Content/images/logo/QQ.png"},"Patterns":null},"QyWeiXin.png":{"Children":null,"Asset":{"ContentRootIndex":2,"SubPath":"Content/images/logo/QyWeiXin.png"},"Patterns":null},"Taobao.png":{"Children":null,"Asset":{"ContentRootIndex":2,"SubPath":"Content/images/logo/Taobao.png"},"Patterns":null},"Weibo.png":{"Children":null,"Asset":{"ContentRootIndex":2,"SubPath":"Content/images/logo/Weibo.png"},"Patterns":null},"Weixin.png":{"Children":null,"Asset":{"ContentRootIndex":2,"SubPath":"Content/images/logo/Weixin.png"},"Patterns":null}},"Asset":null,"Patterns":null}},"Asset":null,"Patterns":null}},"Asset":null,"Patterns":null},"favicon.ico.gz":{"Children":null,"Asset":{"ContentRootIndex":1,"SubPath":"7ilkkx265k-3l2q1ozvbm.gz"},"Patterns":null},"favicon.ico":{"Children":null,"Asset":{"ContentRootIndex":2,"SubPath":"favicon.ico"},"Patterns":null}},"Asset":null,"Patterns":[{"ContentRootIndex":2,"Pattern":"**","Depth":2}]}},"Asset":null,"Patterns":null}},"Asset":null,"Patterns":[{"ContentRootIndex":0,"Pattern":"**","Depth":0}]}}