<?xml version="1.0"?>
<doc>
    <assembly>
        <name>NewLife.Cube.ElementUI</name>
    </assembly>
    <members>
        <member name="T:NewLife.Cube.ElementUI.ElementUIService">
            <summary>ElementUI服务</summary>
        </member>
        <member name="M:NewLife.Cube.ElementUI.ElementUIService.UseElementUI(Microsoft.AspNetCore.Builder.IApplicationBuilder,Microsoft.AspNetCore.Hosting.IWebHostEnvironment)">
            <summary>使用魔方UI</summary>
            <param name="app"></param>
            <param name="env"></param>
            <returns></returns>
        </member>
    </members>
</doc>
