{"ContentRoots":["D:\\Projects\\source\\github\\NewLife.Cube\\NewLife.Cube.LayuiAdmin\\wwwroot\\","D:\\Projects\\source\\github\\NewLife.Cube\\NewLife.CubeNC\\obj\\Release\\net9.0\\compressed\\","D:\\Projects\\source\\github\\NewLife.Cube\\NewLife.CubeNC\\wwwroot\\","D:\\Projects\\source\\github\\NewLife.Cube\\NewLife.Cube.LayuiAdmin\\obj\\Release\\net9.0\\compressed\\"],"Root":{"Children":{"assets":{"Children":{"css":{"Children":{"style.bundle.css.map":{"Children":null,"Asset":{"ContentRootIndex":0,"SubPath":"assets/css/style.bundle.css.map"},"Patterns":null},"style.bundle.js.map":{"Children":null,"Asset":{"ContentRootIndex":0,"SubPath":"assets/css/style.bundle.js.map"},"Patterns":null},"style.bundle.rtl.css":{"Children":null,"Asset":{"ContentRootIndex":0,"SubPath":"assets/css/style.bundle.rtl.css"},"Patterns":null},"style.bundle.css.map.gz":{"Children":null,"Asset":{"ContentRootIndex":3,"SubPath":"60s4cuo1hr-ir23xpddks.gz"},"Patterns":null},"style.bundle.js.map.gz":{"Children":null,"Asset":{"ContentRootIndex":3,"SubPath":"bcx4aw9eix-okt7sgv4hq.gz"},"Patterns":null},"style.bundle.rtl.css.gz":{"Children":null,"Asset":{"ContentRootIndex":3,"SubPath":"50fpxd2l2m-d7jp4af23q.gz"},"Patterns":null}},"Asset":null,"Patterns":null},"js":{"Children":{"scripts.bundle.js.map":{"Children":null,"Asset":{"ContentRootIndex":0,"SubPath":"assets/js/scripts.bundle.js.map"},"Patterns":null},"scripts.bundle.js.map.gz":{"Children":null,"Asset":{"ContentRootIndex":3,"SubPath":"9fpvwprhje-38yuel79dy.gz"},"Patterns":null}},"Asset":null,"Patterns":null},"plugins":{"Children":{"global":{"Children":{"plugins.bundle.css.map":{"Children":null,"Asset":{"ContentRootIndex":0,"SubPath":"assets/plugins/global/plugins.bundle.css.map"},"Patterns":null},"plugins.bundle.js.map":{"Children":null,"Asset":{"ContentRootIndex":0,"SubPath":"assets/plugins/global/plugins.bundle.js.map"},"Patterns":null},"plugins.bundle.rtl.css":{"Children":null,"Asset":{"ContentRootIndex":0,"SubPath":"assets/plugins/global/plugins.bundle.rtl.css"},"Patterns":null},"plugins.bundle.css.map.gz":{"Children":null,"Asset":{"ContentRootIndex":3,"SubPath":"tqd2h0hpc3-o5w9l7jplj.gz"},"Patterns":null},"plugins.bundle.js.map.gz":{"Children":null,"Asset":{"ContentRootIndex":3,"SubPath":"dl92uacnbi-g3b1q1x8tm.gz"},"Patterns":null},"plugins.bundle.rtl.css.gz":{"Children":null,"Asset":{"ContentRootIndex":3,"SubPath":"899fldwat8-t5n902hz4v.gz"},"Patterns":null}},"Asset":null,"Patterns":null}},"Asset":null,"Patterns":null}},"Asset":null,"Patterns":null},"config.js":{"Children":null,"Asset":{"ContentRootIndex":0,"SubPath":"config.js"},"Patterns":null},"layui":{"Children":{"css":{"Children":{"layui.css":{"Children":null,"Asset":{"ContentRootIndex":0,"SubPath":"layui/css/layui.css"},"Patterns":null},"modules":{"Children":{"code.css":{"Children":null,"Asset":{"ContentRootIndex":0,"SubPath":"layui/css/modules/code.css"},"Patterns":null},"laydate":{"Children":{"default":{"Children":{"laydate.css":{"Children":null,"Asset":{"ContentRootIndex":0,"SubPath":"layui/css/modules/laydate/default/laydate.css"},"Patterns":null},"laydate.css.gz":{"Children":null,"Asset":{"ContentRootIndex":3,"SubPath":"e7uhns2sn6-honzikvbyk.gz"},"Patterns":null}},"Asset":null,"Patterns":null}},"Asset":null,"Patterns":null},"layer":{"Children":{"default":{"Children":{"icon-ext.png":{"Children":null,"Asset":{"ContentRootIndex":0,"SubPath":"layui/css/modules/layer/default/icon-ext.png"},"Patterns":null},"icon.png":{"Children":null,"Asset":{"ContentRootIndex":0,"SubPath":"layui/css/modules/layer/default/icon.png"},"Patterns":null},"layer.css":{"Children":null,"Asset":{"ContentRootIndex":0,"SubPath":"layui/css/modules/layer/default/layer.css"},"Patterns":null},"loading-0.gif":{"Children":null,"Asset":{"ContentRootIndex":0,"SubPath":"layui/css/modules/layer/default/loading-0.gif"},"Patterns":null},"loading-1.gif":{"Children":null,"Asset":{"ContentRootIndex":0,"SubPath":"layui/css/modules/layer/default/loading-1.gif"},"Patterns":null},"loading-2.gif":{"Children":null,"Asset":{"ContentRootIndex":0,"SubPath":"layui/css/modules/layer/default/loading-2.gif"},"Patterns":null},"layer.css.gz":{"Children":null,"Asset":{"ContentRootIndex":3,"SubPath":"xl04jkdghj-7fkqrgnlv5.gz"},"Patterns":null}},"Asset":null,"Patterns":null}},"Asset":null,"Patterns":null},"layim":{"Children":{"html":{"Children":{"chatlog.html":{"Children":null,"Asset":{"ContentRootIndex":0,"SubPath":"layui/css/modules/layim/html/chatlog.html"},"Patterns":null},"find.html":{"Children":null,"Asset":{"ContentRootIndex":0,"SubPath":"layui/css/modules/layim/html/find.html"},"Patterns":null},"getmsg.json":{"Children":null,"Asset":{"ContentRootIndex":0,"SubPath":"layui/css/modules/layim/html/getmsg.json"},"Patterns":null},"msgbox.html":{"Children":null,"Asset":{"ContentRootIndex":0,"SubPath":"layui/css/modules/layim/html/msgbox.html"},"Patterns":null},"chatlog.html.gz":{"Children":null,"Asset":{"ContentRootIndex":3,"SubPath":"wzlkqdq60g-qjm51z279v.gz"},"Patterns":null},"find.html.gz":{"Children":null,"Asset":{"ContentRootIndex":3,"SubPath":"yp1mxh6h88-34muml4wff.gz"},"Patterns":null},"getmsg.json.gz":{"Children":null,"Asset":{"ContentRootIndex":3,"SubPath":"09ovu5ex0e-1u7eiwfxej.gz"},"Patterns":null},"msgbox.html.gz":{"Children":null,"Asset":{"ContentRootIndex":3,"SubPath":"bfracnt1mh-mc11zf6d9e.gz"},"Patterns":null}},"Asset":null,"Patterns":null},"layim.css":{"Children":null,"Asset":{"ContentRootIndex":0,"SubPath":"layui/css/modules/layim/layim.css"},"Patterns":null},"mobile":{"Children":{"layim.css":{"Children":null,"Asset":{"ContentRootIndex":0,"SubPath":"layui/css/modules/layim/mobile/layim.css"},"Patterns":null},"layim.css.gz":{"Children":null,"Asset":{"ContentRootIndex":3,"SubPath":"zf9hob4wwk-9fplw1t5fh.gz"},"Patterns":null}},"Asset":null,"Patterns":null},"skin":{"Children":{"1.jpg":{"Children":null,"Asset":{"ContentRootIndex":0,"SubPath":"layui/css/modules/layim/skin/1.jpg"},"Patterns":null},"2.jpg":{"Children":null,"Asset":{"ContentRootIndex":0,"SubPath":"layui/css/modules/layim/skin/2.jpg"},"Patterns":null},"3.jpg":{"Children":null,"Asset":{"ContentRootIndex":0,"SubPath":"layui/css/modules/layim/skin/3.jpg"},"Patterns":null},"4.jpg":{"Children":null,"Asset":{"ContentRootIndex":0,"SubPath":"layui/css/modules/layim/skin/4.jpg"},"Patterns":null},"5.jpg":{"Children":null,"Asset":{"ContentRootIndex":0,"SubPath":"layui/css/modules/layim/skin/5.jpg"},"Patterns":null},"logo.jpg":{"Children":null,"Asset":{"ContentRootIndex":0,"SubPath":"layui/css/modules/layim/skin/logo.jpg"},"Patterns":null}},"Asset":null,"Patterns":null},"voice":{"Children":{"default.mp3":{"Children":null,"Asset":{"ContentRootIndex":0,"SubPath":"layui/css/modules/layim/voice/default.mp3"},"Patterns":null}},"Asset":null,"Patterns":null},"layim.css.gz":{"Children":null,"Asset":{"ContentRootIndex":3,"SubPath":"76uo3f32k0-2ays2guw7a.gz"},"Patterns":null}},"Asset":null,"Patterns":null},"layui-theme-dark":{"Children":{"layui-theme-dark-legacy.css":{"Children":null,"Asset":{"ContentRootIndex":0,"SubPath":"layui/css/modules/layui-theme-dark/layui-theme-dark-legacy.css"},"Patterns":null},"layui-theme-dark-tiny.css":{"Children":null,"Asset":{"ContentRootIndex":0,"SubPath":"layui/css/modules/layui-theme-dark/layui-theme-dark-tiny.css"},"Patterns":null},"layui-theme-dark.css":{"Children":null,"Asset":{"ContentRootIndex":0,"SubPath":"layui/css/modules/layui-theme-dark/layui-theme-dark.css"},"Patterns":null},"layui-theme-dark-legacy.css.gz":{"Children":null,"Asset":{"ContentRootIndex":3,"SubPath":"7qjgk6jk6s-4ttoa57am3.gz"},"Patterns":null},"layui-theme-dark-tiny.css.gz":{"Children":null,"Asset":{"ContentRootIndex":3,"SubPath":"ljscox47i8-6nzhrn3quq.gz"},"Patterns":null},"layui-theme-dark.css.gz":{"Children":null,"Asset":{"ContentRootIndex":3,"SubPath":"64ggokf1t4-9hcoesiyha.gz"},"Patterns":null}},"Asset":null,"Patterns":null},"code.css.gz":{"Children":null,"Asset":{"ContentRootIndex":3,"SubPath":"wdtfizof7d-a4hlzurqdw.gz"},"Patterns":null}},"Asset":null,"Patterns":null},"layui.css.gz":{"Children":null,"Asset":{"ContentRootIndex":3,"SubPath":"7qgyaytvap-2ue2kxk3bm.gz"},"Patterns":null}},"Asset":null,"Patterns":null},"font":{"Children":{"iconfont.eot":{"Children":null,"Asset":{"ContentRootIndex":0,"SubPath":"layui/font/iconfont.eot"},"Patterns":null},"iconfont.svg":{"Children":null,"Asset":{"ContentRootIndex":0,"SubPath":"layui/font/iconfont.svg"},"Patterns":null},"iconfont.ttf":{"Children":null,"Asset":{"ContentRootIndex":0,"SubPath":"layui/font/iconfont.ttf"},"Patterns":null},"iconfont.woff":{"Children":null,"Asset":{"ContentRootIndex":0,"SubPath":"layui/font/iconfont.woff"},"Patterns":null},"iconfont.woff2":{"Children":null,"Asset":{"ContentRootIndex":0,"SubPath":"layui/font/iconfont.woff2"},"Patterns":null},"iconfont.svg.gz":{"Children":null,"Asset":{"ContentRootIndex":3,"SubPath":"e4383taa7d-5smyl32ynl.gz"},"Patterns":null}},"Asset":null,"Patterns":null},"images":{"Children":{"face":{"Children":{"0.gif":{"Children":null,"Asset":{"ContentRootIndex":0,"SubPath":"layui/images/face/0.gif"},"Patterns":null},"1.gif":{"Children":null,"Asset":{"ContentRootIndex":0,"SubPath":"layui/images/face/1.gif"},"Patterns":null},"10.gif":{"Children":null,"Asset":{"ContentRootIndex":0,"SubPath":"layui/images/face/10.gif"},"Patterns":null},"11.gif":{"Children":null,"Asset":{"ContentRootIndex":0,"SubPath":"layui/images/face/11.gif"},"Patterns":null},"12.gif":{"Children":null,"Asset":{"ContentRootIndex":0,"SubPath":"layui/images/face/12.gif"},"Patterns":null},"13.gif":{"Children":null,"Asset":{"ContentRootIndex":0,"SubPath":"layui/images/face/13.gif"},"Patterns":null},"14.gif":{"Children":null,"Asset":{"ContentRootIndex":0,"SubPath":"layui/images/face/14.gif"},"Patterns":null},"15.gif":{"Children":null,"Asset":{"ContentRootIndex":0,"SubPath":"layui/images/face/15.gif"},"Patterns":null},"16.gif":{"Children":null,"Asset":{"ContentRootIndex":0,"SubPath":"layui/images/face/16.gif"},"Patterns":null},"17.gif":{"Children":null,"Asset":{"ContentRootIndex":0,"SubPath":"layui/images/face/17.gif"},"Patterns":null},"18.gif":{"Children":null,"Asset":{"ContentRootIndex":0,"SubPath":"layui/images/face/18.gif"},"Patterns":null},"19.gif":{"Children":null,"Asset":{"ContentRootIndex":0,"SubPath":"layui/images/face/19.gif"},"Patterns":null},"2.gif":{"Children":null,"Asset":{"ContentRootIndex":0,"SubPath":"layui/images/face/2.gif"},"Patterns":null},"20.gif":{"Children":null,"Asset":{"ContentRootIndex":0,"SubPath":"layui/images/face/20.gif"},"Patterns":null},"21.gif":{"Children":null,"Asset":{"ContentRootIndex":0,"SubPath":"layui/images/face/21.gif"},"Patterns":null},"22.gif":{"Children":null,"Asset":{"ContentRootIndex":0,"SubPath":"layui/images/face/22.gif"},"Patterns":null},"23.gif":{"Children":null,"Asset":{"ContentRootIndex":0,"SubPath":"layui/images/face/23.gif"},"Patterns":null},"24.gif":{"Children":null,"Asset":{"ContentRootIndex":0,"SubPath":"layui/images/face/24.gif"},"Patterns":null},"25.gif":{"Children":null,"Asset":{"ContentRootIndex":0,"SubPath":"layui/images/face/25.gif"},"Patterns":null},"26.gif":{"Children":null,"Asset":{"ContentRootIndex":0,"SubPath":"layui/images/face/26.gif"},"Patterns":null},"27.gif":{"Children":null,"Asset":{"ContentRootIndex":0,"SubPath":"layui/images/face/27.gif"},"Patterns":null},"28.gif":{"Children":null,"Asset":{"ContentRootIndex":0,"SubPath":"layui/images/face/28.gif"},"Patterns":null},"29.gif":{"Children":null,"Asset":{"ContentRootIndex":0,"SubPath":"layui/images/face/29.gif"},"Patterns":null},"3.gif":{"Children":null,"Asset":{"ContentRootIndex":0,"SubPath":"layui/images/face/3.gif"},"Patterns":null},"30.gif":{"Children":null,"Asset":{"ContentRootIndex":0,"SubPath":"layui/images/face/30.gif"},"Patterns":null},"31.gif":{"Children":null,"Asset":{"ContentRootIndex":0,"SubPath":"layui/images/face/31.gif"},"Patterns":null},"32.gif":{"Children":null,"Asset":{"ContentRootIndex":0,"SubPath":"layui/images/face/32.gif"},"Patterns":null},"33.gif":{"Children":null,"Asset":{"ContentRootIndex":0,"SubPath":"layui/images/face/33.gif"},"Patterns":null},"34.gif":{"Children":null,"Asset":{"ContentRootIndex":0,"SubPath":"layui/images/face/34.gif"},"Patterns":null},"35.gif":{"Children":null,"Asset":{"ContentRootIndex":0,"SubPath":"layui/images/face/35.gif"},"Patterns":null},"36.gif":{"Children":null,"Asset":{"ContentRootIndex":0,"SubPath":"layui/images/face/36.gif"},"Patterns":null},"37.gif":{"Children":null,"Asset":{"ContentRootIndex":0,"SubPath":"layui/images/face/37.gif"},"Patterns":null},"38.gif":{"Children":null,"Asset":{"ContentRootIndex":0,"SubPath":"layui/images/face/38.gif"},"Patterns":null},"39.gif":{"Children":null,"Asset":{"ContentRootIndex":0,"SubPath":"layui/images/face/39.gif"},"Patterns":null},"4.gif":{"Children":null,"Asset":{"ContentRootIndex":0,"SubPath":"layui/images/face/4.gif"},"Patterns":null},"40.gif":{"Children":null,"Asset":{"ContentRootIndex":0,"SubPath":"layui/images/face/40.gif"},"Patterns":null},"41.gif":{"Children":null,"Asset":{"ContentRootIndex":0,"SubPath":"layui/images/face/41.gif"},"Patterns":null},"42.gif":{"Children":null,"Asset":{"ContentRootIndex":0,"SubPath":"layui/images/face/42.gif"},"Patterns":null},"43.gif":{"Children":null,"Asset":{"ContentRootIndex":0,"SubPath":"layui/images/face/43.gif"},"Patterns":null},"44.gif":{"Children":null,"Asset":{"ContentRootIndex":0,"SubPath":"layui/images/face/44.gif"},"Patterns":null},"45.gif":{"Children":null,"Asset":{"ContentRootIndex":0,"SubPath":"layui/images/face/45.gif"},"Patterns":null},"46.gif":{"Children":null,"Asset":{"ContentRootIndex":0,"SubPath":"layui/images/face/46.gif"},"Patterns":null},"47.gif":{"Children":null,"Asset":{"ContentRootIndex":0,"SubPath":"layui/images/face/47.gif"},"Patterns":null},"48.gif":{"Children":null,"Asset":{"ContentRootIndex":0,"SubPath":"layui/images/face/48.gif"},"Patterns":null},"49.gif":{"Children":null,"Asset":{"ContentRootIndex":0,"SubPath":"layui/images/face/49.gif"},"Patterns":null},"5.gif":{"Children":null,"Asset":{"ContentRootIndex":0,"SubPath":"layui/images/face/5.gif"},"Patterns":null},"50.gif":{"Children":null,"Asset":{"ContentRootIndex":0,"SubPath":"layui/images/face/50.gif"},"Patterns":null},"51.gif":{"Children":null,"Asset":{"ContentRootIndex":0,"SubPath":"layui/images/face/51.gif"},"Patterns":null},"52.gif":{"Children":null,"Asset":{"ContentRootIndex":0,"SubPath":"layui/images/face/52.gif"},"Patterns":null},"53.gif":{"Children":null,"Asset":{"ContentRootIndex":0,"SubPath":"layui/images/face/53.gif"},"Patterns":null},"54.gif":{"Children":null,"Asset":{"ContentRootIndex":0,"SubPath":"layui/images/face/54.gif"},"Patterns":null},"55.gif":{"Children":null,"Asset":{"ContentRootIndex":0,"SubPath":"layui/images/face/55.gif"},"Patterns":null},"56.gif":{"Children":null,"Asset":{"ContentRootIndex":0,"SubPath":"layui/images/face/56.gif"},"Patterns":null},"57.gif":{"Children":null,"Asset":{"ContentRootIndex":0,"SubPath":"layui/images/face/57.gif"},"Patterns":null},"58.gif":{"Children":null,"Asset":{"ContentRootIndex":0,"SubPath":"layui/images/face/58.gif"},"Patterns":null},"59.gif":{"Children":null,"Asset":{"ContentRootIndex":0,"SubPath":"layui/images/face/59.gif"},"Patterns":null},"6.gif":{"Children":null,"Asset":{"ContentRootIndex":0,"SubPath":"layui/images/face/6.gif"},"Patterns":null},"60.gif":{"Children":null,"Asset":{"ContentRootIndex":0,"SubPath":"layui/images/face/60.gif"},"Patterns":null},"61.gif":{"Children":null,"Asset":{"ContentRootIndex":0,"SubPath":"layui/images/face/61.gif"},"Patterns":null},"62.gif":{"Children":null,"Asset":{"ContentRootIndex":0,"SubPath":"layui/images/face/62.gif"},"Patterns":null},"63.gif":{"Children":null,"Asset":{"ContentRootIndex":0,"SubPath":"layui/images/face/63.gif"},"Patterns":null},"64.gif":{"Children":null,"Asset":{"ContentRootIndex":0,"SubPath":"layui/images/face/64.gif"},"Patterns":null},"65.gif":{"Children":null,"Asset":{"ContentRootIndex":0,"SubPath":"layui/images/face/65.gif"},"Patterns":null},"66.gif":{"Children":null,"Asset":{"ContentRootIndex":0,"SubPath":"layui/images/face/66.gif"},"Patterns":null},"67.gif":{"Children":null,"Asset":{"ContentRootIndex":0,"SubPath":"layui/images/face/67.gif"},"Patterns":null},"68.gif":{"Children":null,"Asset":{"ContentRootIndex":0,"SubPath":"layui/images/face/68.gif"},"Patterns":null},"69.gif":{"Children":null,"Asset":{"ContentRootIndex":0,"SubPath":"layui/images/face/69.gif"},"Patterns":null},"7.gif":{"Children":null,"Asset":{"ContentRootIndex":0,"SubPath":"layui/images/face/7.gif"},"Patterns":null},"70.gif":{"Children":null,"Asset":{"ContentRootIndex":0,"SubPath":"layui/images/face/70.gif"},"Patterns":null},"71.gif":{"Children":null,"Asset":{"ContentRootIndex":0,"SubPath":"layui/images/face/71.gif"},"Patterns":null},"8.gif":{"Children":null,"Asset":{"ContentRootIndex":0,"SubPath":"layui/images/face/8.gif"},"Patterns":null},"9.gif":{"Children":null,"Asset":{"ContentRootIndex":0,"SubPath":"layui/images/face/9.gif"},"Patterns":null}},"Asset":null,"Patterns":null}},"Asset":null,"Patterns":null},"lay":{"Children":{"modules":{"Children":{"carousel.js":{"Children":null,"Asset":{"ContentRootIndex":0,"SubPath":"layui/lay/modules/carousel.js"},"Patterns":null},"code.js":{"Children":null,"Asset":{"ContentRootIndex":0,"SubPath":"layui/lay/modules/code.js"},"Patterns":null},"colorpicker.js":{"Children":null,"Asset":{"ContentRootIndex":0,"SubPath":"layui/lay/modules/colorpicker.js"},"Patterns":null},"element.js":{"Children":null,"Asset":{"ContentRootIndex":0,"SubPath":"layui/lay/modules/element.js"},"Patterns":null},"flow.js":{"Children":null,"Asset":{"ContentRootIndex":0,"SubPath":"layui/lay/modules/flow.js"},"Patterns":null},"form.js":{"Children":null,"Asset":{"ContentRootIndex":0,"SubPath":"layui/lay/modules/form.js"},"Patterns":null},"jquery.js":{"Children":null,"Asset":{"ContentRootIndex":0,"SubPath":"layui/lay/modules/jquery.js"},"Patterns":null},"laydate.js":{"Children":null,"Asset":{"ContentRootIndex":0,"SubPath":"layui/lay/modules/laydate.js"},"Patterns":null},"layedit.js":{"Children":null,"Asset":{"ContentRootIndex":0,"SubPath":"layui/lay/modules/layedit.js"},"Patterns":null},"layer.js":{"Children":null,"Asset":{"ContentRootIndex":0,"SubPath":"layui/lay/modules/layer.js"},"Patterns":null},"layer":{"Children":{"default":{"Children":{"layer.css":{"Children":null,"Asset":{"ContentRootIndex":0,"SubPath":"layui/lay/modules/layer/default/layer.css"},"Patterns":null},"layer.css.gz":{"Children":null,"Asset":{"ContentRootIndex":3,"SubPath":"difovwjb4b-u4jw3lezu5.gz"},"Patterns":null}},"Asset":null,"Patterns":null}},"Asset":null,"Patterns":null},"layim.js":{"Children":null,"Asset":{"ContentRootIndex":0,"SubPath":"layui/lay/modules/layim.js"},"Patterns":null},"laypage.js":{"Children":null,"Asset":{"ContentRootIndex":0,"SubPath":"layui/lay/modules/laypage.js"},"Patterns":null},"laytpl.js":{"Children":null,"Asset":{"ContentRootIndex":0,"SubPath":"layui/lay/modules/laytpl.js"},"Patterns":null},"mobile.js":{"Children":null,"Asset":{"ContentRootIndex":0,"SubPath":"layui/lay/modules/mobile.js"},"Patterns":null},"rate.js":{"Children":null,"Asset":{"ContentRootIndex":0,"SubPath":"layui/lay/modules/rate.js"},"Patterns":null},"slider.js":{"Children":null,"Asset":{"ContentRootIndex":0,"SubPath":"layui/lay/modules/slider.js"},"Patterns":null},"table.js":{"Children":null,"Asset":{"ContentRootIndex":0,"SubPath":"layui/lay/modules/table.js"},"Patterns":null},"tree.js":{"Children":null,"Asset":{"ContentRootIndex":0,"SubPath":"layui/lay/modules/tree.js"},"Patterns":null},"upload.js":{"Children":null,"Asset":{"ContentRootIndex":0,"SubPath":"layui/lay/modules/upload.js"},"Patterns":null},"util.js":{"Children":null,"Asset":{"ContentRootIndex":0,"SubPath":"layui/lay/modules/util.js"},"Patterns":null},"carousel.js.gz":{"Children":null,"Asset":{"ContentRootIndex":3,"SubPath":"9a7vf757iq-ipuj9oh6iz.gz"},"Patterns":null},"code.js.gz":{"Children":null,"Asset":{"ContentRootIndex":3,"SubPath":"mv6h1vh4oi-nhe9ckbwnv.gz"},"Patterns":null},"colorpicker.js.gz":{"Children":null,"Asset":{"ContentRootIndex":3,"SubPath":"2cw1bzz6om-ezn9fr29ul.gz"},"Patterns":null},"element.js.gz":{"Children":null,"Asset":{"ContentRootIndex":3,"SubPath":"bt3mn86m2g-s13unbwds9.gz"},"Patterns":null},"flow.js.gz":{"Children":null,"Asset":{"ContentRootIndex":3,"SubPath":"9v8jkbz49q-jfsshr2t8s.gz"},"Patterns":null},"form.js.gz":{"Children":null,"Asset":{"ContentRootIndex":3,"SubPath":"yh9qsux0zk-uu0pxx6qrl.gz"},"Patterns":null},"jquery.js.gz":{"Children":null,"Asset":{"ContentRootIndex":3,"SubPath":"kfk9siap2x-2g0snm1nsd.gz"},"Patterns":null},"laydate.js.gz":{"Children":null,"Asset":{"ContentRootIndex":3,"SubPath":"igi7nj2ptr-zjhvsg0eq6.gz"},"Patterns":null},"layedit.js.gz":{"Children":null,"Asset":{"ContentRootIndex":3,"SubPath":"odzc30tvca-ddm8fefoy4.gz"},"Patterns":null},"layer.js.gz":{"Children":null,"Asset":{"ContentRootIndex":3,"SubPath":"w7qoru2dmy-t79tlavv7l.gz"},"Patterns":null},"layim.js.gz":{"Children":null,"Asset":{"ContentRootIndex":3,"SubPath":"3wqhw2pw0k-y4j8bmbb0d.gz"},"Patterns":null},"laypage.js.gz":{"Children":null,"Asset":{"ContentRootIndex":3,"SubPath":"6qx6owy8p2-5aahf8908i.gz"},"Patterns":null},"laytpl.js.gz":{"Children":null,"Asset":{"ContentRootIndex":3,"SubPath":"1o63opuw8f-9px4vgzafg.gz"},"Patterns":null},"mobile.js.gz":{"Children":null,"Asset":{"ContentRootIndex":3,"SubPath":"35cttl4ntn-kz9uwr01ue.gz"},"Patterns":null},"rate.js.gz":{"Children":null,"Asset":{"ContentRootIndex":3,"SubPath":"kxoy3hc3oo-oov2ja7oly.gz"},"Patterns":null},"slider.js.gz":{"Children":null,"Asset":{"ContentRootIndex":3,"SubPath":"besxfkx4zr-ohh1024wnm.gz"},"Patterns":null},"table.js.gz":{"Children":null,"Asset":{"ContentRootIndex":3,"SubPath":"bqily6yea3-nvtfk0141m.gz"},"Patterns":null},"tree.js.gz":{"Children":null,"Asset":{"ContentRootIndex":3,"SubPath":"nbs757sgg8-g2m6ucnoka.gz"},"Patterns":null},"upload.js.gz":{"Children":null,"Asset":{"ContentRootIndex":3,"SubPath":"8udyz6s5me-qk1wbm5f0j.gz"},"Patterns":null},"util.js.gz":{"Children":null,"Asset":{"ContentRootIndex":3,"SubPath":"hkges0jr6g-kt8efvldrd.gz"},"Patterns":null}},"Asset":null,"Patterns":null}},"Asset":null,"Patterns":null},"style":{"Children":{"admin.css":{"Children":null,"Asset":{"ContentRootIndex":0,"SubPath":"layui/style/admin.css"},"Patterns":null},"admin.css.gz":{"Children":null,"Asset":{"ContentRootIndex":3,"SubPath":"3q4og93ys0-yghxvi62v4.gz"},"Patterns":null}},"Asset":null,"Patterns":null},"tableSelect.js":{"Children":null,"Asset":{"ContentRootIndex":0,"SubPath":"layui/tableSelect.js"},"Patterns":null},"tableSelect.js.gz":{"Children":null,"Asset":{"ContentRootIndex":3,"SubPath":"5dn020ju4l-f0qvnotamp.gz"},"Patterns":null}},"Asset":null,"Patterns":null},"lib":{"Children":{"admin.js":{"Children":null,"Asset":{"ContentRootIndex":0,"SubPath":"lib/admin.js"},"Patterns":null},"extend":{"Children":{"echarts.js":{"Children":null,"Asset":{"ContentRootIndex":0,"SubPath":"lib/extend/echarts.js"},"Patterns":null},"echartsTheme.js":{"Children":null,"Asset":{"ContentRootIndex":0,"SubPath":"lib/extend/echartsTheme.js"},"Patterns":null},"echarts.js.gz":{"Children":null,"Asset":{"ContentRootIndex":3,"SubPath":"4ub1ifunkg-3s9vuf8p5l.gz"},"Patterns":null},"echartsTheme.js.gz":{"Children":null,"Asset":{"ContentRootIndex":3,"SubPath":"jdfqc2m8i6-comx1ncxij.gz"},"Patterns":null}},"Asset":null,"Patterns":null},"index.js":{"Children":null,"Asset":{"ContentRootIndex":0,"SubPath":"lib/index.js"},"Patterns":null},"view.js":{"Children":null,"Asset":{"ContentRootIndex":0,"SubPath":"lib/view.js"},"Patterns":null},"admin.js.gz":{"Children":null,"Asset":{"ContentRootIndex":3,"SubPath":"k8ouubrtv6-nlp4g3vhq9.gz"},"Patterns":null},"index.js.gz":{"Children":null,"Asset":{"ContentRootIndex":3,"SubPath":"rylqtzn8lk-2cj9s77o9u.gz"},"Patterns":null},"view.js.gz":{"Children":null,"Asset":{"ContentRootIndex":3,"SubPath":"jahy6ih2k5-wf148pa9is.gz"},"Patterns":null}},"Asset":null,"Patterns":null},"modules":{"Children":{"common.js":{"Children":null,"Asset":{"ContentRootIndex":0,"SubPath":"modules/common.js"},"Patterns":null},"console.js":{"Children":null,"Asset":{"ContentRootIndex":0,"SubPath":"modules/console.js"},"Patterns":null},"contlist.js":{"Children":null,"Asset":{"ContentRootIndex":0,"SubPath":"modules/contlist.js"},"Patterns":null},"cron":{"Children":{"cron.css":{"Children":null,"Asset":{"ContentRootIndex":0,"SubPath":"modules/cron/cron.css"},"Patterns":null},"cron.css.gz":{"Children":null,"Asset":{"ContentRootIndex":3,"SubPath":"msdx4yzh3b-6stsl8nkbo.gz"},"Patterns":null}},"Asset":null,"Patterns":null},"dtree.js":{"Children":null,"Asset":{"ContentRootIndex":0,"SubPath":"modules/dtree.js"},"Patterns":null},"dtree":{"Children":{"dtree.css":{"Children":null,"Asset":{"ContentRootIndex":0,"SubPath":"modules/dtree/dtree.css"},"Patterns":null},"font":{"Children":{"dtreefont.css":{"Children":null,"Asset":{"ContentRootIndex":0,"SubPath":"modules/dtree/font/dtreefont.css"},"Patterns":null},"dtreefont.eot":{"Children":null,"Asset":{"ContentRootIndex":0,"SubPath":"modules/dtree/font/dtreefont.eot"},"Patterns":null},"dtreefont.svg":{"Children":null,"Asset":{"ContentRootIndex":0,"SubPath":"modules/dtree/font/dtreefont.svg"},"Patterns":null},"dtreefont.ttf":{"Children":null,"Asset":{"ContentRootIndex":0,"SubPath":"modules/dtree/font/dtreefont.ttf"},"Patterns":null},"dtreefont.woff":{"Children":null,"Asset":{"ContentRootIndex":0,"SubPath":"modules/dtree/font/dtreefont.woff"},"Patterns":null},"icons.json":{"Children":null,"Asset":{"ContentRootIndex":0,"SubPath":"modules/dtree/font/icons.json"},"Patterns":null},"dtreefont.css.gz":{"Children":null,"Asset":{"ContentRootIndex":3,"SubPath":"1lnu397mmt-eplkt5a1c2.gz"},"Patterns":null},"dtreefont.svg.gz":{"Children":null,"Asset":{"ContentRootIndex":3,"SubPath":"kqy2wzipjx-gz2pqdqcjp.gz"},"Patterns":null},"icons.json.gz":{"Children":null,"Asset":{"ContentRootIndex":3,"SubPath":"52rfg47x30-a4ah0nmzp0.gz"},"Patterns":null}},"Asset":null,"Patterns":null},"dtree.css.gz":{"Children":null,"Asset":{"ContentRootIndex":3,"SubPath":"vxvk2d81ms-le566ym9ab.gz"},"Patterns":null}},"Asset":null,"Patterns":null},"forum.js":{"Children":null,"Asset":{"ContentRootIndex":0,"SubPath":"modules/forum.js"},"Patterns":null},"im.js":{"Children":null,"Asset":{"ContentRootIndex":0,"SubPath":"modules/im.js"},"Patterns":null},"message.js":{"Children":null,"Asset":{"ContentRootIndex":0,"SubPath":"modules/message.js"},"Patterns":null},"rate.js":{"Children":null,"Asset":{"ContentRootIndex":0,"SubPath":"modules/rate.js"},"Patterns":null},"sample.js":{"Children":null,"Asset":{"ContentRootIndex":0,"SubPath":"modules/sample.js"},"Patterns":null},"senior.js":{"Children":null,"Asset":{"ContentRootIndex":0,"SubPath":"modules/senior.js"},"Patterns":null},"set.js":{"Children":null,"Asset":{"ContentRootIndex":0,"SubPath":"modules/set.js"},"Patterns":null},"tableSelect.js":{"Children":null,"Asset":{"ContentRootIndex":0,"SubPath":"modules/tableSelect.js"},"Patterns":null},"treeTable.js.old":{"Children":null,"Asset":{"ContentRootIndex":0,"SubPath":"modules/treeTable.js.old"},"Patterns":null},"treeTableExtend.js":{"Children":null,"Asset":{"ContentRootIndex":0,"SubPath":"modules/treeTableExtend.js"},"Patterns":null},"user.js":{"Children":null,"Asset":{"ContentRootIndex":0,"SubPath":"modules/user.js"},"Patterns":null},"useradmin.js":{"Children":null,"Asset":{"ContentRootIndex":0,"SubPath":"modules/useradmin.js"},"Patterns":null},"workorder.js":{"Children":null,"Asset":{"ContentRootIndex":0,"SubPath":"modules/workorder.js"},"Patterns":null},"common.js.gz":{"Children":null,"Asset":{"ContentRootIndex":3,"SubPath":"lulvq1fhru-ar8yd1gx0q.gz"},"Patterns":null},"console.js.gz":{"Children":null,"Asset":{"ContentRootIndex":3,"SubPath":"88cj72mj7i-u2999q25s3.gz"},"Patterns":null},"contlist.js.gz":{"Children":null,"Asset":{"ContentRootIndex":3,"SubPath":"eezec3b33a-0n5ja4u149.gz"},"Patterns":null},"dtree.js.gz":{"Children":null,"Asset":{"ContentRootIndex":3,"SubPath":"olvjkhwq1s-wzr3gdt24d.gz"},"Patterns":null},"forum.js.gz":{"Children":null,"Asset":{"ContentRootIndex":3,"SubPath":"87jk9i3oly-v5ir04g4v9.gz"},"Patterns":null},"im.js.gz":{"Children":null,"Asset":{"ContentRootIndex":3,"SubPath":"f0txyy8c3m-26l1nxmoan.gz"},"Patterns":null},"message.js.gz":{"Children":null,"Asset":{"ContentRootIndex":3,"SubPath":"n6nd7sginm-otwhz3qx6o.gz"},"Patterns":null},"rate.js.gz":{"Children":null,"Asset":{"ContentRootIndex":3,"SubPath":"hko1rg9iyr-kaw7etk6bi.gz"},"Patterns":null},"sample.js.gz":{"Children":null,"Asset":{"ContentRootIndex":3,"SubPath":"3883tg3qtv-njsficgh6x.gz"},"Patterns":null},"senior.js.gz":{"Children":null,"Asset":{"ContentRootIndex":3,"SubPath":"mcd1bdo81m-y28599yq0n.gz"},"Patterns":null},"set.js.gz":{"Children":null,"Asset":{"ContentRootIndex":3,"SubPath":"ikidvo611y-utzn09nphi.gz"},"Patterns":null},"tableSelect.js.gz":{"Children":null,"Asset":{"ContentRootIndex":3,"SubPath":"0bx0ffjmir-ksfo718jrk.gz"},"Patterns":null},"treeTableExtend.js.gz":{"Children":null,"Asset":{"ContentRootIndex":3,"SubPath":"npo3jn0cqa-adn63141ju.gz"},"Patterns":null},"user.js.gz":{"Children":null,"Asset":{"ContentRootIndex":3,"SubPath":"wlrmybgv4l-y45aw0k3ni.gz"},"Patterns":null},"useradmin.js.gz":{"Children":null,"Asset":{"ContentRootIndex":3,"SubPath":"g4p7oqp1p1-4zg9oxttzd.gz"},"Patterns":null},"workorder.js.gz":{"Children":null,"Asset":{"ContentRootIndex":3,"SubPath":"f93914bu1h-6rsbarngd7.gz"},"Patterns":null}},"Asset":null,"Patterns":null},"style":{"Children":{"admin.css":{"Children":null,"Asset":{"ContentRootIndex":0,"SubPath":"style/admin.css"},"Patterns":null},"login.css":{"Children":null,"Asset":{"ContentRootIndex":0,"SubPath":"style/login.css"},"Patterns":null},"res":{"Children":{"bg-none.jpg":{"Children":null,"Asset":{"ContentRootIndex":0,"SubPath":"style/res/bg-none.jpg"},"Patterns":null},"layui-logo.jpg":{"Children":null,"Asset":{"ContentRootIndex":0,"SubPath":"style/res/layui-logo.jpg"},"Patterns":null},"logo-black.png":{"Children":null,"Asset":{"ContentRootIndex":0,"SubPath":"style/res/logo-black.png"},"Patterns":null},"logo.bak.png":{"Children":null,"Asset":{"ContentRootIndex":0,"SubPath":"style/res/logo.bak.png"},"Patterns":null},"template":{"Children":{"character.jpg":{"Children":null,"Asset":{"ContentRootIndex":0,"SubPath":"style/res/template/character.jpg"},"Patterns":null},"huge.jpg":{"Children":null,"Asset":{"ContentRootIndex":0,"SubPath":"style/res/template/huge.jpg"},"Patterns":null},"portrait.png":{"Children":null,"Asset":{"ContentRootIndex":0,"SubPath":"style/res/template/portrait.png"},"Patterns":null}},"Asset":null,"Patterns":null}},"Asset":null,"Patterns":null},"template.css":{"Children":null,"Asset":{"ContentRootIndex":0,"SubPath":"style/template.css"},"Patterns":null},"admin.css.gz":{"Children":null,"Asset":{"ContentRootIndex":3,"SubPath":"7hb3j081pz-4wuwvfbwzp.gz"},"Patterns":null},"login.css.gz":{"Children":null,"Asset":{"ContentRootIndex":3,"SubPath":"44mzg09q2m-08lowz7uos.gz"},"Patterns":null},"template.css.gz":{"Children":null,"Asset":{"ContentRootIndex":3,"SubPath":"bso0lf83dx-oxzchzyqcw.gz"},"Patterns":null}},"Asset":null,"Patterns":null},"tpl":{"Children":{"layim":{"Children":{"demo.html":{"Children":null,"Asset":{"ContentRootIndex":0,"SubPath":"tpl/layim/demo.html"},"Patterns":null},"demo.html.gz":{"Children":null,"Asset":{"ContentRootIndex":3,"SubPath":"8rtdt3uftq-vk9wc0c9qv.gz"},"Patterns":null}},"Asset":null,"Patterns":null},"system":{"Children":{"about.html":{"Children":null,"Asset":{"ContentRootIndex":0,"SubPath":"tpl/system/about.html"},"Patterns":null},"get.html":{"Children":null,"Asset":{"ContentRootIndex":0,"SubPath":"tpl/system/get.html"},"Patterns":null},"more.html":{"Children":null,"Asset":{"ContentRootIndex":0,"SubPath":"tpl/system/more.html"},"Patterns":null},"theme.html":{"Children":null,"Asset":{"ContentRootIndex":0,"SubPath":"tpl/system/theme.html"},"Patterns":null},"说明.txt":{"Children":null,"Asset":{"ContentRootIndex":0,"SubPath":"tpl/system/说明.txt"},"Patterns":null},"about.html.gz":{"Children":null,"Asset":{"ContentRootIndex":3,"SubPath":"29f2l9b8o4-rar5adv87g.gz"},"Patterns":null},"get.html.gz":{"Children":null,"Asset":{"ContentRootIndex":3,"SubPath":"opk0tznlhp-03nmwv06c6.gz"},"Patterns":null},"more.html.gz":{"Children":null,"Asset":{"ContentRootIndex":3,"SubPath":"ha2tubqvjn-hkistybaxn.gz"},"Patterns":null},"theme.html.gz":{"Children":null,"Asset":{"ContentRootIndex":3,"SubPath":"vglp266l9l-oh65ba20ff.gz"},"Patterns":null},"说明.txt.gz":{"Children":null,"Asset":{"ContentRootIndex":3,"SubPath":"f8l5h62rui-9f2b29iu9x.gz"},"Patterns":null}},"Asset":null,"Patterns":null},"说明.txt":{"Children":null,"Asset":{"ContentRootIndex":0,"SubPath":"tpl/说明.txt"},"Patterns":null},"说明.txt.gz":{"Children":null,"Asset":{"ContentRootIndex":3,"SubPath":"t1ms4smmay-fyz9ugfhrv.gz"},"Patterns":null}},"Asset":null,"Patterns":null},"_content":{"Children":{"NewLife.Cube.Core":{"Children":{"Content":{"Children":{"ace":{"Children":{"css":{"Children":{"ace.min.css.gz":{"Children":null,"Asset":{"ContentRootIndex":1,"SubPath":"03kk6hcxum-dl4rq9vk76.gz"},"Patterns":null},"ace-part2.min.css.gz":{"Children":null,"Asset":{"ContentRootIndex":1,"SubPath":"1bm5ecmdus-iev16z1kzs.gz"},"Patterns":null},"ace-skins.min.css.gz":{"Children":null,"Asset":{"ContentRootIndex":1,"SubPath":"4cu4ocwwjg-xpfz4cxowt.gz"},"Patterns":null},"ace-fonts.min.css.gz":{"Children":null,"Asset":{"ContentRootIndex":1,"SubPath":"4pb6719npk-r4cd6sw664.gz"},"Patterns":null},"ace-ie.min.css.gz":{"Children":null,"Asset":{"ContentRootIndex":1,"SubPath":"kqk5shbbep-50vlqn6at3.gz"},"Patterns":null},"ace.min.css":{"Children":null,"Asset":{"ContentRootIndex":2,"SubPath":"Content/ace/css/ace.min.css"},"Patterns":null},"ace-fonts.min.css":{"Children":null,"Asset":{"ContentRootIndex":2,"SubPath":"Content/ace/css/ace-fonts.min.css"},"Patterns":null},"ace-ie.min.css":{"Children":null,"Asset":{"ContentRootIndex":2,"SubPath":"Content/ace/css/ace-ie.min.css"},"Patterns":null},"ace-part2.min.css":{"Children":null,"Asset":{"ContentRootIndex":2,"SubPath":"Content/ace/css/ace-part2.min.css"},"Patterns":null},"ace-skins.min.css":{"Children":null,"Asset":{"ContentRootIndex":2,"SubPath":"Content/ace/css/ace-skins.min.css"},"Patterns":null},"images":{"Children":{"pattern.jpg":{"Children":null,"Asset":{"ContentRootIndex":2,"SubPath":"Content/ace/css/images/pattern.jpg"},"Patterns":null}},"Asset":null,"Patterns":null}},"Asset":null,"Patterns":null},"js":{"Children":{"ace-extra.min.js.gz":{"Children":null,"Asset":{"ContentRootIndex":1,"SubPath":"2w5wynerlr-dkuwc6sofu.gz"},"Patterns":null},"spin.min.js.gz":{"Children":null,"Asset":{"ContentRootIndex":1,"SubPath":"3tljo4ayds-eab4ecvc8s.gz"},"Patterns":null},"dropzone.min.js.gz":{"Children":null,"Asset":{"ContentRootIndex":1,"SubPath":"6yivopamp4-bynqu4adoi.gz"},"Patterns":null},"excanvas.min.js.gz":{"Children":null,"Asset":{"ContentRootIndex":1,"SubPath":"6yyrj8exyo-nl4x4wxzkz.gz"},"Patterns":null},"chosen.jquery.min.js.gz":{"Children":null,"Asset":{"ContentRootIndex":1,"SubPath":"br0uww2k31-lpd6p3hzw3.gz"},"Patterns":null},"pace.min.js.gz":{"Children":null,"Asset":{"ContentRootIndex":1,"SubPath":"f57z7d8md7-oic94ak45h.gz"},"Patterns":null},"select2.min.js.gz":{"Children":null,"Asset":{"ContentRootIndex":1,"SubPath":"fqdyuyhif8-tuc83fhvr3.gz"},"Patterns":null},"bootbox.min.js.gz":{"Children":null,"Asset":{"ContentRootIndex":1,"SubPath":"g86mqcedxr-ozdgbp888h.gz"},"Patterns":null},"ace.min.js.gz":{"Children":null,"Asset":{"ContentRootIndex":1,"SubPath":"hl24coxlp9-uck42vhqf3.gz"},"Patterns":null},"fullcalendar.min.js.gz":{"Children":null,"Asset":{"ContentRootIndex":1,"SubPath":"jlu8dbane7-tufgv5x9dm.gz"},"Patterns":null},"ace-elements.min.js.gz":{"Children":null,"Asset":{"ContentRootIndex":1,"SubPath":"k0vgwlgk4x-wuzg4ord8w.gz"},"Patterns":null},"prettify.min.js.gz":{"Children":null,"Asset":{"ContentRootIndex":1,"SubPath":"oeq44i3smw-3qy1v90qsv.gz"},"Patterns":null},"additional-methods.min.js.gz":{"Children":null,"Asset":{"ContentRootIndex":1,"SubPath":"u5iy8lsn4m-p2tk8yfab8.gz"},"Patterns":null},"jquery.autosize.min.js.gz":{"Children":null,"Asset":{"ContentRootIndex":1,"SubPath":"v5hjh3em83-nbudvi8hp2.gz"},"Patterns":null},"typeahead.jquery.min.js.gz":{"Children":null,"Asset":{"ContentRootIndex":1,"SubPath":"vtzgr1y5ct-agihf848zf.gz"},"Patterns":null},"ace.min.js":{"Children":null,"Asset":{"ContentRootIndex":2,"SubPath":"Content/ace/js/ace.min.js"},"Patterns":null},"ace-elements.min.js":{"Children":null,"Asset":{"ContentRootIndex":2,"SubPath":"Content/ace/js/ace-elements.min.js"},"Patterns":null},"ace-extra.min.js":{"Children":null,"Asset":{"ContentRootIndex":2,"SubPath":"Content/ace/js/ace-extra.min.js"},"Patterns":null},"additional-methods.min.js":{"Children":null,"Asset":{"ContentRootIndex":2,"SubPath":"Content/ace/js/additional-methods.min.js"},"Patterns":null},"bootbox.min.js":{"Children":null,"Asset":{"ContentRootIndex":2,"SubPath":"Content/ace/js/bootbox.min.js"},"Patterns":null},"chosen.jquery.min.js":{"Children":null,"Asset":{"ContentRootIndex":2,"SubPath":"Content/ace/js/chosen.jquery.min.js"},"Patterns":null},"dropzone.min.js":{"Children":null,"Asset":{"ContentRootIndex":2,"SubPath":"Content/ace/js/dropzone.min.js"},"Patterns":null},"excanvas.min.js":{"Children":null,"Asset":{"ContentRootIndex":2,"SubPath":"Content/ace/js/excanvas.min.js"},"Patterns":null},"fullcalendar.min.js":{"Children":null,"Asset":{"ContentRootIndex":2,"SubPath":"Content/ace/js/fullcalendar.min.js"},"Patterns":null},"jquery.autosize.min.js":{"Children":null,"Asset":{"ContentRootIndex":2,"SubPath":"Content/ace/js/jquery.autosize.min.js"},"Patterns":null},"pace.min.js":{"Children":null,"Asset":{"ContentRootIndex":2,"SubPath":"Content/ace/js/pace.min.js"},"Patterns":null},"prettify.min.js":{"Children":null,"Asset":{"ContentRootIndex":2,"SubPath":"Content/ace/js/prettify.min.js"},"Patterns":null},"select2.min.js":{"Children":null,"Asset":{"ContentRootIndex":2,"SubPath":"Content/ace/js/select2.min.js"},"Patterns":null},"spin.min.js":{"Children":null,"Asset":{"ContentRootIndex":2,"SubPath":"Content/ace/js/spin.min.js"},"Patterns":null},"typeahead.jquery.min.js":{"Children":null,"Asset":{"ContentRootIndex":2,"SubPath":"Content/ace/js/typeahead.jquery.min.js"},"Patterns":null}},"Asset":null,"Patterns":null},"fonts":{"Children":{"OpenSans-300.woff":{"Children":null,"Asset":{"ContentRootIndex":2,"SubPath":"Content/ace/fonts/OpenSans-300.woff"},"Patterns":null},"OpenSans-400.woff":{"Children":null,"Asset":{"ContentRootIndex":2,"SubPath":"Content/ace/fonts/OpenSans-400.woff"},"Patterns":null}},"Asset":null,"Patterns":null}},"Asset":null,"Patterns":null},"layui":{"Children":{"modules":{"Children":{"laypage.js.gz":{"Children":null,"Asset":{"ContentRootIndex":1,"SubPath":"0tokzrkuq7-7ndffu0o93.gz"},"Patterns":null},"tree.js.gz":{"Children":null,"Asset":{"ContentRootIndex":1,"SubPath":"1msqmbzuiq-iqah2voc9z.gz"},"Patterns":null},"form.js.gz":{"Children":null,"Asset":{"ContentRootIndex":1,"SubPath":"1qhl2t1umq-sdn403513o.gz"},"Patterns":null},"colorpicker.js.gz":{"Children":null,"Asset":{"ContentRootIndex":1,"SubPath":"39gxjjft1w-qii8w1lja5.gz"},"Patterns":null},"element.js.gz":{"Children":null,"Asset":{"ContentRootIndex":1,"SubPath":"3ckosjj7su-823y3zzp05.gz"},"Patterns":null},"util.js.gz":{"Children":null,"Asset":{"ContentRootIndex":1,"SubPath":"4w345pulsr-bnzcvsw4a8.gz"},"Patterns":null},"dropdown.js.gz":{"Children":null,"Asset":{"ContentRootIndex":1,"SubPath":"6a7ll43qh5-p2q0ijeqk2.gz"},"Patterns":null},"layui.all.js.gz":{"Children":null,"Asset":{"ContentRootIndex":1,"SubPath":"6ekhkslgl9-97abkaz6qg.gz"},"Patterns":null},"layer.js.gz":{"Children":null,"Asset":{"ContentRootIndex":1,"SubPath":"6nv3w90sds-uae34abw76.gz"},"Patterns":null},"mobile.js.gz":{"Children":null,"Asset":{"ContentRootIndex":1,"SubPath":"8els9bkl8c-d6fyguop7h.gz"},"Patterns":null},"laytpl.js.gz":{"Children":null,"Asset":{"ContentRootIndex":1,"SubPath":"aa654vqfgh-3a22it4ngc.gz"},"Patterns":null},"element_cube.js.gz":{"Children":null,"Asset":{"ContentRootIndex":1,"SubPath":"dacxqbm9k1-v2dss06j12.gz"},"Patterns":null},"laydate.js.gz":{"Children":null,"Asset":{"ContentRootIndex":1,"SubPath":"f9nrjutuy1-j4q9qfaacq.gz"},"Patterns":null},"jquery.js.gz":{"Children":null,"Asset":{"ContentRootIndex":1,"SubPath":"gyk1xirfgh-tsyikxgyd7.gz"},"Patterns":null},"carousel.js.gz":{"Children":null,"Asset":{"ContentRootIndex":1,"SubPath":"lqweckbnhj-itqm6swzq8.gz"},"Patterns":null},"transfer.js.gz":{"Children":null,"Asset":{"ContentRootIndex":1,"SubPath":"m5hj1mv71q-d8yvxqvech.gz"},"Patterns":null},"lay.js.gz":{"Children":null,"Asset":{"ContentRootIndex":1,"SubPath":"oraankpuhr-chhmktga9c.gz"},"Patterns":null},"table.js.gz":{"Children":null,"Asset":{"ContentRootIndex":1,"SubPath":"p6kfbkv2is-nge1e1vqpu.gz"},"Patterns":null},"demo.js.gz":{"Children":null,"Asset":{"ContentRootIndex":1,"SubPath":"qoap97j5aq-w8dg3a85i8.gz"},"Patterns":null},"code.js.gz":{"Children":null,"Asset":{"ContentRootIndex":1,"SubPath":"sy817jye68-5gf93hm6ly.gz"},"Patterns":null},"layedit.js.gz":{"Children":null,"Asset":{"ContentRootIndex":1,"SubPath":"tct8k5vx5v-kmjw8cz64u.gz"},"Patterns":null},"rate.js.gz":{"Children":null,"Asset":{"ContentRootIndex":1,"SubPath":"tv8va16oph-qmb9ar6jtt.gz"},"Patterns":null},"flow.js.gz":{"Children":null,"Asset":{"ContentRootIndex":1,"SubPath":"xh7zdukr61-g4moqs2tfc.gz"},"Patterns":null},"upload.js.gz":{"Children":null,"Asset":{"ContentRootIndex":1,"SubPath":"y7dpw0ut71-mr02tbzy4f.gz"},"Patterns":null},"all.js.gz":{"Children":null,"Asset":{"ContentRootIndex":1,"SubPath":"yai9bgijpa-quk0am3owv.gz"},"Patterns":null},"slider.js.gz":{"Children":null,"Asset":{"ContentRootIndex":1,"SubPath":"zwwmced67k-0jte1hro6t.gz"},"Patterns":null},"all.js":{"Children":null,"Asset":{"ContentRootIndex":2,"SubPath":"Content/layui/modules/all.js"},"Patterns":null},"carousel.js":{"Children":null,"Asset":{"ContentRootIndex":2,"SubPath":"Content/layui/modules/carousel.js"},"Patterns":null},"code.js":{"Children":null,"Asset":{"ContentRootIndex":2,"SubPath":"Content/layui/modules/code.js"},"Patterns":null},"colorpicker.js":{"Children":null,"Asset":{"ContentRootIndex":2,"SubPath":"Content/layui/modules/colorpicker.js"},"Patterns":null},"demo.js":{"Children":null,"Asset":{"ContentRootIndex":2,"SubPath":"Content/layui/modules/demo.js"},"Patterns":null},"dropdown.js":{"Children":null,"Asset":{"ContentRootIndex":2,"SubPath":"Content/layui/modules/dropdown.js"},"Patterns":null},"element.js":{"Children":null,"Asset":{"ContentRootIndex":2,"SubPath":"Content/layui/modules/element.js"},"Patterns":null},"element_cube.js":{"Children":null,"Asset":{"ContentRootIndex":2,"SubPath":"Content/layui/modules/element_cube.js"},"Patterns":null},"flow.js":{"Children":null,"Asset":{"ContentRootIndex":2,"SubPath":"Content/layui/modules/flow.js"},"Patterns":null},"form.js":{"Children":null,"Asset":{"ContentRootIndex":2,"SubPath":"Content/layui/modules/form.js"},"Patterns":null},"jquery.js":{"Children":null,"Asset":{"ContentRootIndex":2,"SubPath":"Content/layui/modules/jquery.js"},"Patterns":null},"lay.js":{"Children":null,"Asset":{"ContentRootIndex":2,"SubPath":"Content/layui/modules/lay.js"},"Patterns":null},"laydate.js":{"Children":null,"Asset":{"ContentRootIndex":2,"SubPath":"Content/layui/modules/laydate.js"},"Patterns":null},"layedit.js":{"Children":null,"Asset":{"ContentRootIndex":2,"SubPath":"Content/layui/modules/layedit.js"},"Patterns":null},"layer.js":{"Children":null,"Asset":{"ContentRootIndex":2,"SubPath":"Content/layui/modules/layer.js"},"Patterns":null},"laypage.js":{"Children":null,"Asset":{"ContentRootIndex":2,"SubPath":"Content/layui/modules/laypage.js"},"Patterns":null},"laytpl.js":{"Children":null,"Asset":{"ContentRootIndex":2,"SubPath":"Content/layui/modules/laytpl.js"},"Patterns":null},"layui.all.js":{"Children":null,"Asset":{"ContentRootIndex":2,"SubPath":"Content/layui/modules/layui.all.js"},"Patterns":null},"mobile.js":{"Children":null,"Asset":{"ContentRootIndex":2,"SubPath":"Content/layui/modules/mobile.js"},"Patterns":null},"rate.js":{"Children":null,"Asset":{"ContentRootIndex":2,"SubPath":"Content/layui/modules/rate.js"},"Patterns":null},"slider.js":{"Children":null,"Asset":{"ContentRootIndex":2,"SubPath":"Content/layui/modules/slider.js"},"Patterns":null},"table.js":{"Children":null,"Asset":{"ContentRootIndex":2,"SubPath":"Content/layui/modules/table.js"},"Patterns":null},"transfer.js":{"Children":null,"Asset":{"ContentRootIndex":2,"SubPath":"Content/layui/modules/transfer.js"},"Patterns":null},"tree.js":{"Children":null,"Asset":{"ContentRootIndex":2,"SubPath":"Content/layui/modules/tree.js"},"Patterns":null},"upload.js":{"Children":null,"Asset":{"ContentRootIndex":2,"SubPath":"Content/layui/modules/upload.js"},"Patterns":null},"util.js":{"Children":null,"Asset":{"ContentRootIndex":2,"SubPath":"Content/layui/modules/util.js"},"Patterns":null}},"Asset":null,"Patterns":null},"css":{"Children":{"layui.css.gz":{"Children":null,"Asset":{"ContentRootIndex":1,"SubPath":"4qix1eesbm-io9mqxluwv.gz"},"Patterns":null},"layui_main_cube.css.gz":{"Children":null,"Asset":{"ContentRootIndex":1,"SubPath":"9eym6226jr-rc4nq2g6zy.gz"},"Patterns":null},"modules":{"Children":{"laydate":{"Children":{"default":{"Children":{"laydate.css.gz":{"Children":null,"Asset":{"ContentRootIndex":1,"SubPath":"aigiojmlcy-daeo0hu5th.gz"},"Patterns":null},"laydate.css":{"Children":null,"Asset":{"ContentRootIndex":2,"SubPath":"Content/layui/css/modules/laydate/default/laydate.css"},"Patterns":null}},"Asset":null,"Patterns":null}},"Asset":null,"Patterns":null},"layer":{"Children":{"default":{"Children":{"layer.css.gz":{"Children":null,"Asset":{"ContentRootIndex":1,"SubPath":"i5ybrdz4b8-sedbcviqun.gz"},"Patterns":null},"icon.png":{"Children":null,"Asset":{"ContentRootIndex":2,"SubPath":"Content/layui/css/modules/layer/default/icon.png"},"Patterns":null},"icon-ext.png":{"Children":null,"Asset":{"ContentRootIndex":2,"SubPath":"Content/layui/css/modules/layer/default/icon-ext.png"},"Patterns":null},"layer.css":{"Children":null,"Asset":{"ContentRootIndex":2,"SubPath":"Content/layui/css/modules/layer/default/layer.css"},"Patterns":null},"loading-0.gif":{"Children":null,"Asset":{"ContentRootIndex":2,"SubPath":"Content/layui/css/modules/layer/default/loading-0.gif"},"Patterns":null},"loading-1.gif":{"Children":null,"Asset":{"ContentRootIndex":2,"SubPath":"Content/layui/css/modules/layer/default/loading-1.gif"},"Patterns":null},"loading-2.gif":{"Children":null,"Asset":{"ContentRootIndex":2,"SubPath":"Content/layui/css/modules/layer/default/loading-2.gif"},"Patterns":null}},"Asset":null,"Patterns":null}},"Asset":null,"Patterns":null},"code.css.gz":{"Children":null,"Asset":{"ContentRootIndex":1,"SubPath":"j8pbodmxvb-v8ct0xuhzr.gz"},"Patterns":null},"code.css":{"Children":null,"Asset":{"ContentRootIndex":2,"SubPath":"Content/layui/css/modules/code.css"},"Patterns":null}},"Asset":null,"Patterns":null},"layui_cube.css.gz":{"Children":null,"Asset":{"ContentRootIndex":1,"SubPath":"lpuruh3etj-s3qft84cna.gz"},"Patterns":null},"layui.css":{"Children":null,"Asset":{"ContentRootIndex":2,"SubPath":"Content/layui/css/layui.css"},"Patterns":null},"layui_cube.css":{"Children":null,"Asset":{"ContentRootIndex":2,"SubPath":"Content/layui/css/layui_cube.css"},"Patterns":null},"layui_main_cube.css":{"Children":null,"Asset":{"ContentRootIndex":2,"SubPath":"Content/layui/css/layui_main_cube.css"},"Patterns":null}},"Asset":null,"Patterns":null},"font":{"Children":{"iconfont.svg.gz":{"Children":null,"Asset":{"ContentRootIndex":1,"SubPath":"7hbsmctb83-ypneod5vey.gz"},"Patterns":null},"iconfont.eot":{"Children":null,"Asset":{"ContentRootIndex":2,"SubPath":"Content/layui/font/iconfont.eot"},"Patterns":null},"iconfont.svg":{"Children":null,"Asset":{"ContentRootIndex":2,"SubPath":"Content/layui/font/iconfont.svg"},"Patterns":null},"iconfont.ttf":{"Children":null,"Asset":{"ContentRootIndex":2,"SubPath":"Content/layui/font/iconfont.ttf"},"Patterns":null},"iconfont.woff":{"Children":null,"Asset":{"ContentRootIndex":2,"SubPath":"Content/layui/font/iconfont.woff"},"Patterns":null},"iconfont.woff2":{"Children":null,"Asset":{"ContentRootIndex":2,"SubPath":"Content/layui/font/iconfont.woff2"},"Patterns":null}},"Asset":null,"Patterns":null},"layui_main_cube.js.gz":{"Children":null,"Asset":{"ContentRootIndex":1,"SubPath":"gz99bmrcrg-ivxmidvxc9.gz"},"Patterns":null},"layui.js.gz":{"Children":null,"Asset":{"ContentRootIndex":1,"SubPath":"j2ra9o4mhy-y1x4wgzp3z.gz"},"Patterns":null},"layui_cube.js.gz":{"Children":null,"Asset":{"ContentRootIndex":1,"SubPath":"wj11c2701q-avjxqqajo7.gz"},"Patterns":null},"layui.js":{"Children":null,"Asset":{"ContentRootIndex":2,"SubPath":"Content/layui/layui.js"},"Patterns":null},"layui_cube.js":{"Children":null,"Asset":{"ContentRootIndex":2,"SubPath":"Content/layui/layui_cube.js"},"Patterns":null},"layui_main_cube.js":{"Children":null,"Asset":{"ContentRootIndex":2,"SubPath":"Content/layui/layui_main_cube.js"},"Patterns":null}},"Asset":null,"Patterns":null},"echarts":{"Children":{"theme":{"Children":{"shine.js.gz":{"Children":null,"Asset":{"ContentRootIndex":1,"SubPath":"20azlobfvl-w2939dgzqo.gz"},"Patterns":null},"chalk.js.gz":{"Children":null,"Asset":{"ContentRootIndex":1,"SubPath":"3jxes65vsg-7trxigh7ok.gz"},"Patterns":null},"wonderland.js.gz":{"Children":null,"Asset":{"ContentRootIndex":1,"SubPath":"6ajtz0d3r7-l7hsjo1sch.gz"},"Patterns":null},"purple-passion.js.gz":{"Children":null,"Asset":{"ContentRootIndex":1,"SubPath":"cxqg9m4iha-giwx3st2xw.gz"},"Patterns":null},"westeros.js.gz":{"Children":null,"Asset":{"ContentRootIndex":1,"SubPath":"fl36ot2i44-cjrgw53qu7.gz"},"Patterns":null},"vintage.js.gz":{"Children":null,"Asset":{"ContentRootIndex":1,"SubPath":"ftkxwzsedk-qsm6mc3kat.gz"},"Patterns":null},"essos.js.gz":{"Children":null,"Asset":{"ContentRootIndex":1,"SubPath":"h06rbk2w23-fs7g70juby.gz"},"Patterns":null},"infographic.js.gz":{"Children":null,"Asset":{"ContentRootIndex":1,"SubPath":"jywpehyvnj-vmekm0ap7j.gz"},"Patterns":null},"macarons.js.gz":{"Children":null,"Asset":{"ContentRootIndex":1,"SubPath":"myszul2i0n-m3ho5dfopv.gz"},"Patterns":null},"walden.js.gz":{"Children":null,"Asset":{"ContentRootIndex":1,"SubPath":"nntl2rpi4g-fiwmyqd513.gz"},"Patterns":null},"roma.js.gz":{"Children":null,"Asset":{"ContentRootIndex":1,"SubPath":"w5hyblours-3zm1gwmpml.gz"},"Patterns":null},"dark.js.gz":{"Children":null,"Asset":{"ContentRootIndex":1,"SubPath":"y2zq5g7i8k-om70yonev2.gz"},"Patterns":null},"chalk.js":{"Children":null,"Asset":{"ContentRootIndex":2,"SubPath":"Content/echarts/theme/chalk.js"},"Patterns":null},"dark.js":{"Children":null,"Asset":{"ContentRootIndex":2,"SubPath":"Content/echarts/theme/dark.js"},"Patterns":null},"essos.js":{"Children":null,"Asset":{"ContentRootIndex":2,"SubPath":"Content/echarts/theme/essos.js"},"Patterns":null},"infographic.js":{"Children":null,"Asset":{"ContentRootIndex":2,"SubPath":"Content/echarts/theme/infographic.js"},"Patterns":null},"macarons.js":{"Children":null,"Asset":{"ContentRootIndex":2,"SubPath":"Content/echarts/theme/macarons.js"},"Patterns":null},"purple-passion.js":{"Children":null,"Asset":{"ContentRootIndex":2,"SubPath":"Content/echarts/theme/purple-passion.js"},"Patterns":null},"roma.js":{"Children":null,"Asset":{"ContentRootIndex":2,"SubPath":"Content/echarts/theme/roma.js"},"Patterns":null},"shine.js":{"Children":null,"Asset":{"ContentRootIndex":2,"SubPath":"Content/echarts/theme/shine.js"},"Patterns":null},"vintage.js":{"Children":null,"Asset":{"ContentRootIndex":2,"SubPath":"Content/echarts/theme/vintage.js"},"Patterns":null},"walden.js":{"Children":null,"Asset":{"ContentRootIndex":2,"SubPath":"Content/echarts/theme/walden.js"},"Patterns":null},"westeros.js":{"Children":null,"Asset":{"ContentRootIndex":2,"SubPath":"Content/echarts/theme/westeros.js"},"Patterns":null},"wonderland.js":{"Children":null,"Asset":{"ContentRootIndex":2,"SubPath":"Content/echarts/theme/wonderland.js"},"Patterns":null}},"Asset":null,"Patterns":null},"bmap.min.js.gz":{"Children":null,"Asset":{"ContentRootIndex":1,"SubPath":"3j5zxhc603-sh0itxz1p9.gz"},"Patterns":null},"dataTool.min.js.gz":{"Children":null,"Asset":{"ContentRootIndex":1,"SubPath":"99qjgpx5uv-vccod4ih5y.gz"},"Patterns":null},"echarts.min.js.gz":{"Children":null,"Asset":{"ContentRootIndex":1,"SubPath":"tocwmmd7j6-81ubiz5p2h.gz"},"Patterns":null},"bmap.min.js":{"Children":null,"Asset":{"ContentRootIndex":2,"SubPath":"Content/echarts/bmap.min.js"},"Patterns":null},"dataTool.min.js":{"Children":null,"Asset":{"ContentRootIndex":2,"SubPath":"Content/echarts/dataTool.min.js"},"Patterns":null},"echarts.min.js":{"Children":null,"Asset":{"ContentRootIndex":2,"SubPath":"Content/echarts/echarts.min.js"},"Patterns":null}},"Asset":null,"Patterns":null},"bootstrap_switch":{"Children":{"bootstrap-switch.min.js.gz":{"Children":null,"Asset":{"ContentRootIndex":1,"SubPath":"39pb64twlg-z7p27ffvjo.gz"},"Patterns":null},"bootstrap-switch.min.css.gz":{"Children":null,"Asset":{"ContentRootIndex":1,"SubPath":"mk0hl7yttw-v6w9v5jlu4.gz"},"Patterns":null},"bootstrap-switch.min.css":{"Children":null,"Asset":{"ContentRootIndex":2,"SubPath":"Content/bootstrap_switch/bootstrap-switch.min.css"},"Patterns":null},"bootstrap-switch.min.js":{"Children":null,"Asset":{"ContentRootIndex":2,"SubPath":"Content/bootstrap_switch/bootstrap-switch.min.js"},"Patterns":null}},"Asset":null,"Patterns":null},"js":{"Children":{"jquery.ui.touch-punch.min.js.gz":{"Children":null,"Asset":{"ContentRootIndex":1,"SubPath":"5opxk5p7ry-b8dha2ngaq.gz"},"Patterns":null},"jquery-2.1.3.min.js.gz":{"Children":null,"Asset":{"ContentRootIndex":1,"SubPath":"7mgaavw5ig-ihy76zj2om.gz"},"Patterns":null},"html5shiv.min.js.gz":{"Children":null,"Asset":{"ContentRootIndex":1,"SubPath":"8pudn0y1kd-ukmm5b7hqg.gz"},"Patterns":null},"respond.min.js.gz":{"Children":null,"Asset":{"ContentRootIndex":1,"SubPath":"f0uupdnumu-hd2fbdv7kc.gz"},"Patterns":null},"md5.js.gz":{"Children":null,"Asset":{"ContentRootIndex":1,"SubPath":"hzqo0qma4q-wwh4wb3kxf.gz"},"Patterns":null},"jquery-3.6.0.min.js.gz":{"Children":null,"Asset":{"ContentRootIndex":1,"SubPath":"migj5lla1d-ehgnz7f14e.gz"},"Patterns":null},"jquery-ui.custom.min.js.gz":{"Children":null,"Asset":{"ContentRootIndex":1,"SubPath":"ubfyqokcr1-u3bz21a2aa.gz"},"Patterns":null},"html5shiv.min.js":{"Children":null,"Asset":{"ContentRootIndex":2,"SubPath":"Content/js/html5shiv.min.js"},"Patterns":null},"jquery.ui.touch-punch.min.js":{"Children":null,"Asset":{"ContentRootIndex":2,"SubPath":"Content/js/jquery.ui.touch-punch.min.js"},"Patterns":null},"jquery-2.1.3.min.js":{"Children":null,"Asset":{"ContentRootIndex":2,"SubPath":"Content/js/jquery-2.1.3.min.js"},"Patterns":null},"jquery-3.6.0.min.js":{"Children":null,"Asset":{"ContentRootIndex":2,"SubPath":"Content/js/jquery-3.6.0.min.js"},"Patterns":null},"jquery-ui.custom.min.js":{"Children":null,"Asset":{"ContentRootIndex":2,"SubPath":"Content/js/jquery-ui.custom.min.js"},"Patterns":null},"md5.js":{"Children":null,"Asset":{"ContentRootIndex":2,"SubPath":"Content/js/md5.js"},"Patterns":null},"respond.min.js":{"Children":null,"Asset":{"ContentRootIndex":2,"SubPath":"Content/js/respond.min.js"},"Patterns":null}},"Asset":null,"Patterns":null},"Cube.css.gz":{"Children":null,"Asset":{"ContentRootIndex":1,"SubPath":"66ay4xb4mn-4zk1s6ukbi.gz"},"Patterns":null},"bootstrap":{"Children":{"css":{"Children":{"bootstrap-responsive.min.css.gz":{"Children":null,"Asset":{"ContentRootIndex":1,"SubPath":"6a7guwumw9-mjf72lv92i.gz"},"Patterns":null},"font-awesome.min.css.gz":{"Children":null,"Asset":{"ContentRootIndex":1,"SubPath":"a9bp54knje-isc7u9n7qi.gz"},"Patterns":null},"bootstrap-theme.min.css.gz":{"Children":null,"Asset":{"ContentRootIndex":1,"SubPath":"j7bsh2x6e1-9ruze9sgfm.gz"},"Patterns":null},"bootstrap.min.css.gz":{"Children":null,"Asset":{"ContentRootIndex":1,"SubPath":"jfdxgcpxbe-ufik3s9dum.gz"},"Patterns":null},"bootstrap-multiselect.css.gz":{"Children":null,"Asset":{"ContentRootIndex":1,"SubPath":"sgwlrl0i1q-a0gcav2jvl.gz"},"Patterns":null},"bootstrap.min.css":{"Children":null,"Asset":{"ContentRootIndex":2,"SubPath":"Content/bootstrap/css/bootstrap.min.css"},"Patterns":null},"bootstrap-multiselect.css":{"Children":null,"Asset":{"ContentRootIndex":2,"SubPath":"Content/bootstrap/css/bootstrap-multiselect.css"},"Patterns":null},"bootstrap-responsive.min.css":{"Children":null,"Asset":{"ContentRootIndex":2,"SubPath":"Content/bootstrap/css/bootstrap-responsive.min.css"},"Patterns":null},"bootstrap-theme.min.css":{"Children":null,"Asset":{"ContentRootIndex":2,"SubPath":"Content/bootstrap/css/bootstrap-theme.min.css"},"Patterns":null},"font-awesome.min.css":{"Children":null,"Asset":{"ContentRootIndex":2,"SubPath":"Content/bootstrap/css/font-awesome.min.css"},"Patterns":null}},"Asset":null,"Patterns":null},"js":{"Children":{"bootstrap-wysiwyg.min.js.gz":{"Children":null,"Asset":{"ContentRootIndex":1,"SubPath":"m7nvqwvqu8-cz4v0dq0h9.gz"},"Patterns":null},"bootstrap-colorpicker.min.js.gz":{"Children":null,"Asset":{"ContentRootIndex":1,"SubPath":"ums3om1ign-1qgplmvs7h.gz"},"Patterns":null},"bootstrap.min.js.gz":{"Children":null,"Asset":{"ContentRootIndex":1,"SubPath":"uwiwbdc9rx-euzfjcw9e7.gz"},"Patterns":null},"bootstrap-tag.min.js.gz":{"Children":null,"Asset":{"ContentRootIndex":1,"SubPath":"v72gkwjw4o-2hw13rrwn3.gz"},"Patterns":null},"bootstrap-multiselect.min.js.gz":{"Children":null,"Asset":{"ContentRootIndex":1,"SubPath":"xweidcjasb-v56aeh9yfs.gz"},"Patterns":null},"bootstrap.min.js":{"Children":null,"Asset":{"ContentRootIndex":2,"SubPath":"Content/bootstrap/js/bootstrap.min.js"},"Patterns":null},"bootstrap-colorpicker.min.js":{"Children":null,"Asset":{"ContentRootIndex":2,"SubPath":"Content/bootstrap/js/bootstrap-colorpicker.min.js"},"Patterns":null},"bootstrap-multiselect.min.js":{"Children":null,"Asset":{"ContentRootIndex":2,"SubPath":"Content/bootstrap/js/bootstrap-multiselect.min.js"},"Patterns":null},"bootstrap-tag.min.js":{"Children":null,"Asset":{"ContentRootIndex":2,"SubPath":"Content/bootstrap/js/bootstrap-tag.min.js"},"Patterns":null},"bootstrap-wysiwyg.min.js":{"Children":null,"Asset":{"ContentRootIndex":2,"SubPath":"Content/bootstrap/js/bootstrap-wysiwyg.min.js"},"Patterns":null}},"Asset":null,"Patterns":null},"fonts":{"Children":{"glyphicons-halflings-regular.svg.gz":{"Children":null,"Asset":{"ContentRootIndex":1,"SubPath":"psbs57mv4z-r3m9qmfdw3.gz"},"Patterns":null},"FontAwesome.otf.gz":{"Children":null,"Asset":{"ContentRootIndex":1,"SubPath":"qxd6374kxb-sgabxu717i.gz"},"Patterns":null},"fontawesome-webfont.svg.gz":{"Children":null,"Asset":{"ContentRootIndex":1,"SubPath":"xtu5vi7y43-wxwxrej6pw.gz"},"Patterns":null},"FontAwesome.otf":{"Children":null,"Asset":{"ContentRootIndex":2,"SubPath":"Content/bootstrap/fonts/FontAwesome.otf"},"Patterns":null},"fontawesome-webfont.eot":{"Children":null,"Asset":{"ContentRootIndex":2,"SubPath":"Content/bootstrap/fonts/fontawesome-webfont.eot"},"Patterns":null},"fontawesome-webfont.svg":{"Children":null,"Asset":{"ContentRootIndex":2,"SubPath":"Content/bootstrap/fonts/fontawesome-webfont.svg"},"Patterns":null},"fontawesome-webfont.ttf":{"Children":null,"Asset":{"ContentRootIndex":2,"SubPath":"Content/bootstrap/fonts/fontawesome-webfont.ttf"},"Patterns":null},"fontawesome-webfont.woff":{"Children":null,"Asset":{"ContentRootIndex":2,"SubPath":"Content/bootstrap/fonts/fontawesome-webfont.woff"},"Patterns":null},"fontawesome-webfont.woff2":{"Children":null,"Asset":{"ContentRootIndex":2,"SubPath":"Content/bootstrap/fonts/fontawesome-webfont.woff2"},"Patterns":null},"glyphicons-halflings-regular.eot":{"Children":null,"Asset":{"ContentRootIndex":2,"SubPath":"Content/bootstrap/fonts/glyphicons-halflings-regular.eot"},"Patterns":null},"glyphicons-halflings-regular.svg":{"Children":null,"Asset":{"ContentRootIndex":2,"SubPath":"Content/bootstrap/fonts/glyphicons-halflings-regular.svg"},"Patterns":null},"glyphicons-halflings-regular.ttf":{"Children":null,"Asset":{"ContentRootIndex":2,"SubPath":"Content/bootstrap/fonts/glyphicons-halflings-regular.ttf"},"Patterns":null},"glyphicons-halflings-regular.woff":{"Children":null,"Asset":{"ContentRootIndex":2,"SubPath":"Content/bootstrap/fonts/glyphicons-halflings-regular.woff"},"Patterns":null},"glyphicons-halflings-regular.woff2":{"Children":null,"Asset":{"ContentRootIndex":2,"SubPath":"Content/bootstrap/fonts/glyphicons-halflings-regular.woff2"},"Patterns":null}},"Asset":null,"Patterns":null}},"Asset":null,"Patterns":null},"artDialog":{"Children":{"css":{"Children":{"ui-dialog.css.gz":{"Children":null,"Asset":{"ContentRootIndex":1,"SubPath":"7fsjsiu8nr-zc6vsb5llv.gz"},"Patterns":null},"ui-dialog.css":{"Children":null,"Asset":{"ContentRootIndex":2,"SubPath":"Content/artDialog/css/ui-dialog.css"},"Patterns":null}},"Asset":null,"Patterns":null},"dist":{"Children":{"dialog.new.life.js.gz":{"Children":null,"Asset":{"ContentRootIndex":1,"SubPath":"gzavc5q2xg-u7c4ir1avr.gz"},"Patterns":null},"dialog-min.js.gz":{"Children":null,"Asset":{"ContentRootIndex":1,"SubPath":"ow13g7l7mb-fqj7xbghdf.gz"},"Patterns":null},"dialog-plus-min.js.gz":{"Children":null,"Asset":{"ContentRootIndex":1,"SubPath":"qsb3tdmrfe-mrqkpd7bgu.gz"},"Patterns":null},"dialog.new.life.js":{"Children":null,"Asset":{"ContentRootIndex":2,"SubPath":"Content/artDialog/dist/dialog.new.life.js"},"Patterns":null},"dialog-min.js":{"Children":null,"Asset":{"ContentRootIndex":2,"SubPath":"Content/artDialog/dist/dialog-min.js"},"Patterns":null},"dialog-plus-min.js":{"Children":null,"Asset":{"ContentRootIndex":2,"SubPath":"Content/artDialog/dist/dialog-plus-min.js"},"Patterns":null}},"Asset":null,"Patterns":null}},"Asset":null,"Patterns":null},"Cube-bootstrap.css.gz":{"Children":null,"Asset":{"ContentRootIndex":1,"SubPath":"a16xq3v7oj-grbmbq67z3.gz"},"Patterns":null},"DateTimePicker":{"Children":{"locales":{"Children":{"bootstrap-datetimepicker.zh_CN.js.gz":{"Children":null,"Asset":{"ContentRootIndex":1,"SubPath":"hy96hgvu9h-n166jlqjer.gz"},"Patterns":null},"bootstrap-datetimepicker.zh_CN.js":{"Children":null,"Asset":{"ContentRootIndex":2,"SubPath":"Content/DateTimePicker/locales/bootstrap-datetimepicker.zh_CN.js"},"Patterns":null}},"Asset":null,"Patterns":null},"bootstrap-datetimepicker.min.css.gz":{"Children":null,"Asset":{"ContentRootIndex":1,"SubPath":"io19h15ml1-bj9t0gx0s0.gz"},"Patterns":null},"bootstrap-datetimepicker.zhCN.js.gz":{"Children":null,"Asset":{"ContentRootIndex":1,"SubPath":"yp6dcuc1uz-n166jlqjer.gz"},"Patterns":null},"bootstrap-datetimepicker.min.js.gz":{"Children":null,"Asset":{"ContentRootIndex":1,"SubPath":"z0f94u9kpp-9whii5bazv.gz"},"Patterns":null},"bootstrap-datetimepicker.min.css":{"Children":null,"Asset":{"ContentRootIndex":2,"SubPath":"Content/DateTimePicker/bootstrap-datetimepicker.min.css"},"Patterns":null},"bootstrap-datetimepicker.min.js":{"Children":null,"Asset":{"ContentRootIndex":2,"SubPath":"Content/DateTimePicker/bootstrap-datetimepicker.min.js"},"Patterns":null},"bootstrap-datetimepicker.zhCN.js":{"Children":null,"Asset":{"ContentRootIndex":2,"SubPath":"Content/DateTimePicker/bootstrap-datetimepicker.zhCN.js"},"Patterns":null}},"Asset":null,"Patterns":null},"bootstrap-suggest.js.gz":{"Children":null,"Asset":{"ContentRootIndex":1,"SubPath":"k28rw2ef8o-xuyd21b9k7.gz"},"Patterns":null},"city_picker":{"Children":{"city-picker.css.gz":{"Children":null,"Asset":{"ContentRootIndex":1,"SubPath":"ktzjeuq8qn-0k6124qjsw.gz"},"Patterns":null},"city-picker.js.gz":{"Children":null,"Asset":{"ContentRootIndex":1,"SubPath":"pbowxevkqf-l1t6765hoi.gz"},"Patterns":null},"city-picker.css":{"Children":null,"Asset":{"ContentRootIndex":2,"SubPath":"Content/city_picker/city-picker.css"},"Patterns":null},"city-picker.js":{"Children":null,"Asset":{"ContentRootIndex":2,"SubPath":"Content/city_picker/city-picker.js"},"Patterns":null},"images":{"Children":{"clear.png":{"Children":null,"Asset":{"ContentRootIndex":2,"SubPath":"Content/city_picker/images/clear.png"},"Patterns":null},"drop-arrow.png":{"Children":null,"Asset":{"ContentRootIndex":2,"SubPath":"Content/city_picker/images/drop-arrow.png"},"Patterns":null}},"Asset":null,"Patterns":null}},"Asset":null,"Patterns":null},"Cube.js.gz":{"Children":null,"Asset":{"ContentRootIndex":1,"SubPath":"xkmwjl2pkf-6ynn09btr1.gz"},"Patterns":null},"bootstrap-suggest.js":{"Children":null,"Asset":{"ContentRootIndex":2,"SubPath":"Content/bootstrap-suggest.js"},"Patterns":null},"Cube.css":{"Children":null,"Asset":{"ContentRootIndex":2,"SubPath":"Content/Cube.css"},"Patterns":null},"Cube.js":{"Children":null,"Asset":{"ContentRootIndex":2,"SubPath":"Content/Cube.js"},"Patterns":null},"Cube-bootstrap.css":{"Children":null,"Asset":{"ContentRootIndex":2,"SubPath":"Content/Cube-bootstrap.css"},"Patterns":null},"images":{"Children":{"logo":{"Children":{"Alipay.png":{"Children":null,"Asset":{"ContentRootIndex":2,"SubPath":"Content/images/logo/Alipay.png"},"Patterns":null},"Baidu.png":{"Children":null,"Asset":{"ContentRootIndex":2,"SubPath":"Content/images/logo/Baidu.png"},"Patterns":null},"Ding.png":{"Children":null,"Asset":{"ContentRootIndex":2,"SubPath":"Content/images/logo/Ding.png"},"Patterns":null},"Github.png":{"Children":null,"Asset":{"ContentRootIndex":2,"SubPath":"Content/images/logo/Github.png"},"Patterns":null},"Microsoft.png":{"Children":null,"Asset":{"ContentRootIndex":2,"SubPath":"Content/images/logo/Microsoft.png"},"Patterns":null},"NewLife.png":{"Children":null,"Asset":{"ContentRootIndex":2,"SubPath":"Content/images/logo/NewLife.png"},"Patterns":null},"QQ.png":{"Children":null,"Asset":{"ContentRootIndex":2,"SubPath":"Content/images/logo/QQ.png"},"Patterns":null},"QyWeiXin.png":{"Children":null,"Asset":{"ContentRootIndex":2,"SubPath":"Content/images/logo/QyWeiXin.png"},"Patterns":null},"Taobao.png":{"Children":null,"Asset":{"ContentRootIndex":2,"SubPath":"Content/images/logo/Taobao.png"},"Patterns":null},"Weibo.png":{"Children":null,"Asset":{"ContentRootIndex":2,"SubPath":"Content/images/logo/Weibo.png"},"Patterns":null},"Weixin.png":{"Children":null,"Asset":{"ContentRootIndex":2,"SubPath":"Content/images/logo/Weixin.png"},"Patterns":null}},"Asset":null,"Patterns":null}},"Asset":null,"Patterns":null}},"Asset":null,"Patterns":null},"favicon.ico.gz":{"Children":null,"Asset":{"ContentRootIndex":1,"SubPath":"7ilkkx265k-3l2q1ozvbm.gz"},"Patterns":null},"favicon.ico":{"Children":null,"Asset":{"ContentRootIndex":2,"SubPath":"favicon.ico"},"Patterns":null}},"Asset":null,"Patterns":[{"ContentRootIndex":2,"Pattern":"**","Depth":2}]}},"Asset":null,"Patterns":null},"config.js.gz":{"Children":null,"Asset":{"ContentRootIndex":3,"SubPath":"ymyfy5lf4v-nh1yidjujb.gz"},"Patterns":null}},"Asset":null,"Patterns":[{"ContentRootIndex":0,"Pattern":"**","Depth":0}]}}