<?xml version="1.0"?>
<doc>
    <assembly>
        <name>NewLife.Cube.Blazor</name>
    </assembly>
    <members>
        <member name="T:NewLife.Cube.BlazorService">
            <summary>Tabler服务</summary>
        </member>
        <member name="M:NewLife.Cube.BlazorService.AddBlazor(Microsoft.Extensions.DependencyInjection.IServiceCollection)">
            <summary>
            添加Blazor方案
            </summary>
            <param name="services">The services.</param>
            <returns></returns>
        </member>
        <member name="M:NewLife.Cube.BlazorService.UseBlazor(Microsoft.AspNetCore.Builder.IApplicationBuilder,Microsoft.AspNetCore.Hosting.IWebHostEnvironment)">
            <summary>使用魔方UI</summary>
            <param name="app"></param>
            <param name="env"></param>
            <returns></returns>
        </member>
        <member name="P:NewLife.Cube.Blazor.Views.Blazor.MainLayout.MenuItems">
            <summary>
            菜单列表
            </summary>
        </member>
        <member name="P:NewLife.Cube.Blazor.Views.Blazor.MainLayout.SideTabItems">
            <summary>
            展示头
            </summary>
        </member>
        <member name="P:NewLife.Cube.Blazor.Views.Blazor.MainLayout.MainInfoItems">
            <summary>
            主框架操作列表
            </summary>
        </member>
        <member name="M:NewLife.Cube.Blazor.Views.Blazor.MainLayout.GetMenu">
            <summary>
            获取菜单
            </summary>
            <returns>菜单列表</returns>
        </member>
    </members>
</doc>
